provider,key,tmsid,time_shift,notes
plex,5e20b730f2f8d5003d739db7-5eea605474085f0040ddc767,130620,,community:my_export.json
plex,5e20b730f2f8d5003d739db7-5eea605574085f0040ddc782,116474,,community:my_export.json
plex,5e20b730f2f8d5003d739db7-5eea605574085f0040ddc791,133321,,community:my_export.json
plex,5e20b730f2f8d5003d739db7-5eea605674085f0040ddc79d,109553,,community:my_export.json
plex,5e20b730f2f8d5003d739db7-5eea605674085f0040ddc7a6,128542,,community:my_export.json
plex,5e20b730f2f8d5003d739db7-5eea71d65252710041e0ccbc,131221,,community:my_export.json
plex,5e20b730f2f8d5003d739db7-5ef11485d33ab9004048a1ca,112732,,community:my_export.json
plex,5e20b730f2f8d5003d739db7-5ef11486d33ab9004048a1cd,134109,,community:my_export.json
plex,5e20b730f2f8d5003d739db7-5ef11487d33ab9004048a1d3,120283,,community:my_export.json
plex,5e20b730f2f8d5003d739db7-5ef4e1b40d9ad000423c4427,124312,,community:my_export.json
plex,5e20b730f2f8d5003d739db7-5ef4e1b40d9ad000423c442a,119355,,community:my_export.json
plex,5e20b730f2f8d5003d739db7-5ef4e1b40d9ad000423c4430,121534,,community:my_export.json
plex,5e20b730f2f8d5003d739db7-5ef51c802ddee5003f1c0225,107076,,community:my_export.json
plex,5e20b730f2f8d5003d739db7-5efe1de5e0b3f5003f5d9f76,115447,,community:my_export.json
plex,5e20b730f2f8d5003d739db7-5efe1de6e0b3f5003f5d9f82,157506,,community:my_export.json
plex,5e20b730f2f8d5003d739db7-5efe1de6e0b3f5003f5d9f88,114491,,community:my_export.json
plex,5e20b730f2f8d5003d739db7-5efe1de8e0b3f5003f5d9f91,110480,,community:my_export.json
plex,5e20b730f2f8d5003d739db7-5f0641d0e8ffda004033aff4,121708,,community:my_export.json
plex,5e20b730f2f8d5003d739db7-5f0641d3e8ffda004033b16e,118087,,community:my_export.json
plex,5e20b730f2f8d5003d739db7-5f0ff262d71dcb00449ec012,114871,,community:my_export.json
plex,5e20b730f2f8d5003d739db7-5f0ff262d71dcb00449ec015,119233,,community:my_export.json
plex,5e20b730f2f8d5003d739db7-5f0ff263d71dcb00449ec021,122524,,community:my_export.json
plex,5e20b730f2f8d5003d739db7-5f0ff266d71dcb00449ec030,127141,,community:my_export.json
plex,5e20b730f2f8d5003d739db7-5f170d60b898490041b49359,126634,,community:my_export.json
plex,5e20b730f2f8d5003d739db7-5f170d61b898490041b49360,112797,,community:my_export.json
plex,5e20b730f2f8d5003d739db7-5f170d61b898490041b49369,121165,,community:my_export.json
plex,5e20b730f2f8d5003d739db7-5f170d64b898490041b4938f,126670,,community:my_export.json
plex,5e20b730f2f8d5003d739db7-5f170f01b898490041b49dd1,113674,,community:my_export.json
plex,5e20b730f2f8d5003d739db7-5f5132da62fe160040f26b5b,145519,,community:my_export.json
plex,5e20b730f2f8d5003d739db7-5f5132df62fe160040f26bc2,155568,,community:my_export.json
plex,5e20b730f2f8d5003d739db7-5f5132e262fe160040f26bf2,119209,,community:my_export.json
plex,5e20b730f2f8d5003d739db7-5f5132e362fe160040f26c18,126569,,community:my_export.json
plex,5e20b730f2f8d5003d739db7-5f6142d2fc6ce20041ec3c92,113991,,community:my_export.json
plex,5e20b730f2f8d5003d739db7-5f64c4ef35f612003f6ffe30,120790,,community:my_export.json
plex,5e20b730f2f8d5003d739db7-5f6b8e5900b0950040d0f2af,101103,,community:my_export.json
plex,5e20b730f2f8d5003d739db7-5f74cf7effbe690040689f3e,116101,,community:my_export.json
plex,5e20b730f2f8d5003d739db7-5f74cf7effbe690040689f41,113780,,community:my_export.json
plex,5e20b730f2f8d5003d739db7-5f74cf82ffbe690040689f47,113673,,community:my_export.json
plex,5e20b730f2f8d5003d739db7-5f74cf83ffbe690040689f4d,131073,,community:my_export.json
plex,5e20b730f2f8d5003d739db7-5f74cf83ffbe690040689f50,121657,,community:my_export.json
plex,5e20b730f2f8d5003d739db7-5f8746eabd529300418246d9,111140,,community:my_export.json
plex,5e20b730f2f8d5003d739db7-5f8ee3727c75fa002d9e47c1,124806,,community:my_export.json
plex,5e20b730f2f8d5003d739db7-5f91c4ea96a391002df9a661,118464,,community:my_export.json
plex,5e20b730f2f8d5003d739db7-5f91c4ea96a391002df9a664,118462,,community:my_export.json
plex,5e20b730f2f8d5003d739db7-5fb81660b7ad2d002dcb7335,121162,,community:my_export.json
plex,5e20b730f2f8d5003d739db7-5fb84bc1b7ad2d002dcb735f,115944,,community:my_export.json
plex,5e20b730f2f8d5003d739db7-5fc6f3a62b6f7b002e77ffaa,116946,,community:my_export.json
plex,5e20b730f2f8d5003d739db7-5fc705daa2236e002d69f108,110657,,community:my_export.json
plex,5e20b730f2f8d5003d739db7-5fc705dda2236e002d69f211,120010,,community:my_export.json
plex,5e20b730f2f8d5003d739db7-5fc705e2a2236e002d69f36d,115678,,community:my_export.json
plex,5e20b730f2f8d5003d739db7-5fc705e2a2236e002d69f3ba,115539,,community:my_export.json
plex,5e20b730f2f8d5003d739db7-5fc705eb052f6f002ef46057,115677,,community:my_export.json
plex,5e20b730f2f8d5003d739db7-5fc705eea2236e002d69f5ae,116019,,community:my_export.json
plex,5e20b730f2f8d5003d739db7-5fc705f68aba71002d8b7b37,106100,,community:my_export.json
plex,5e20b730f2f8d5003d739db7-5fc705ff2f220e002d5e6bce,115540,,community:my_export.json
plex,5e20b730f2f8d5003d739db7-5fc705ff2f220e002d5e6bec,115679,,community:my_export.json
plex,5e20b730f2f8d5003d739db7-5fc70600598c41002da3dd19,113957,,community:my_export.json
plex,5e20b730f2f8d5003d739db7-5fc70600598c41002da3dd34,113678,,community:my_export.json
plex,5e20b730f2f8d5003d739db7-5fc70600598c41002da3dd39,114138,,community:my_export.json
plex,5e20b730f2f8d5003d739db7-5fc70600598c41002da3dd43,114140,,community:my_export.json
plex,5e20b730f2f8d5003d739db7-5fc70600dd53a6002d8f93ca,114174,,community:my_export.json
plex,5e20b730f2f8d5003d739db7-5fc706038aba71002d8b7c8e,114142,,community:my_export.json
plex,5e20b730f2f8d5003d739db7-5fd115b8b7ef8d002dcf1817,121424,,community:my_export.json
plex,5e20b730f2f8d5003d739db7-5fe27da18cdd46002d85efed,116018,,community:my_export.json
plex,5e20b730f2f8d5003d739db7-5fe27da28c198b002d179199,113296,,community:my_export.json
plex,5e20b730f2f8d5003d739db7-60089d90f682a3002c348299,19039,,community:my_export.json
plex,5e20b730f2f8d5003d739db7-60089d97f682a3002c34829b,117478,,community:my_export.json
plex,5e20b730f2f8d5003d739db7-60089d98f682a3002c34829f,102236,,community:my_export.json
plex,5e20b730f2f8d5003d739db7-6041643175c115002dc5125d,115674,,community:my_export.json
plex,5e20b730f2f8d5003d739db7-6087ff3ae99ff1002ce1465b,118859,,community:my_export.json
plex,5e20b730f2f8d5003d739db7-608a2c722957c9002c6a617b,132644,,community:my_export.json
plex,5e20b730f2f8d5003d739db7-608aec5fa09205002da4f28f,117060,,community:my_export.json
plex,5e20b730f2f8d5003d739db7-60995eb136c72d002da7bbcb,128066,,community:my_export.json
plex,5e20b730f2f8d5003d739db7-60a53634126de9002e694bc4,120375,,community:my_export.json
plex,5e20b730f2f8d5003d739db7-60aeb5cd87f9b1002ce12323,129130,,community:my_export.json
plex,5e20b730f2f8d5003d739db7-60d324f59adce5002c41dbc5,115729,,community:my_export.json
plex,5e20b730f2f8d5003d739db7-60d4edd6b2fdec002c141123,115370,,community:my_export.json
plex,5e20b730f2f8d5003d739db7-60d4edd6b2fdec002c141125,122609,,community:my_export.json
plex,5e20b730f2f8d5003d739db7-60d4edd6b2fdec002c141127,111132,,community:my_export.json
plex,5e20b730f2f8d5003d739db7-60d4eddbb2fdec002c141133,113781,,community:my_export.json
plex,5e20b730f2f8d5003d739db7-60d4edddb2fdec002c141135,122534,,community:my_export.json
plex,5e20b730f2f8d5003d739db7-60de0520281b17002cd1d4c4,117227,,community:my_export.json
plex,5e20b730f2f8d5003d739db7-60df3e18541143002f3b8607,122855,,community:my_export.json
plex,5e20b730f2f8d5003d739db7-60e737a4ebef9d002c4d0a0c,134197,,community:my_export.json
plex,5e20b730f2f8d5003d739db7-60ede94f7da2ef002c55ce9b,132888,,community:my_export.json
plex,5e20b730f2f8d5003d739db7-612919784f53e1002c9aa219,120377,,community:my_export.json
plex,5e20b730f2f8d5003d739db7-614398a08f30fa61e0da7c97,122536,,community:my_export.json
plex,5e20b730f2f8d5003d739db7-614a11bfa6f839154ee3306d,161702,,community:my_export.json
plex,5e20b730f2f8d5003d739db7-6151d74593dbf246f0843f01,120551,,community:my_export.json
plex,5e20b730f2f8d5003d739db7-6154a863e3e4d9577f96b31a,133658,,community:my_export.json
plex,5e20b730f2f8d5003d739db7-616df1e90dfa27ee465797fa,122969,,community:my_export.json
plex,5e20b730f2f8d5003d739db7-61a945156547ba4d6d238dc9,124630,,community:my_export.json
plex,5e20b730f2f8d5003d739db7-61aa97d4113e1e5137fd5325,113306,,community:my_export.json
plex,5e20b730f2f8d5003d739db7-61aa9e73784a2161d3caf7f9,113300,,community:my_export.json
plex,5e20b730f2f8d5003d739db7-61aa9f50784a2161d3caf7fb,113304,,community:my_export.json
plex,5e20b730f2f8d5003d739db7-61aaa014784a2161d3caf7fd,113299,,community:my_export.json
plex,5e20b730f2f8d5003d739db7-61aaa0cc784a2161d3caf7ff,113303,,community:my_export.json
plex,5e20b730f2f8d5003d739db7-61aaa17a784a2161d3caf801,67563,,community:my_export.json
plex,5e20b730f2f8d5003d739db7-61ae679103baf19077bbf933,120802,,community:my_export.json
plex,5e20b730f2f8d5003d739db7-61d735fea7b7c7f703418512,122435,,community:my_export.json
plex,5e20b730f2f8d5003d739db7-61ddcc6023daf618ed44c29f,122082,,community:my_export.json
plex,5e20b730f2f8d5003d739db7-61ddcdc03c12aa1e5d320aaf,121881,,community:my_export.json
plex,5e20b730f2f8d5003d739db7-61e805952502a7a6fa84d70f,121705,,community:my_export.json
plex,5e20b730f2f8d5003d739db7-61f04d2bb01a6e8df3f72902,122436,,community:my_export.json
plex,5e20b730f2f8d5003d739db7-6216ae22c3bbca2de8704f65,132647,,community:my_export.json
plex,5e20b730f2f8d5003d739db7-62316e8eb9d292cb4ad7499f,127279,,community:my_export.json
plex,5e20b730f2f8d5003d739db7-623d9b0370560b72147a994a,120372,,community:my_export.json
plex,5e20b730f2f8d5003d739db7-6244f2d33ef43121e567cf13,125383,,community:my_export.json
plex,5e20b730f2f8d5003d739db7-6245d867ddf1ba983d5b8bf8,123605,,community:my_export.json
plex,5e20b730f2f8d5003d739db7-624c37af6281708eabbbe26b,122912,,community:my_export.json
plex,5e20b730f2f8d5003d739db7-627e347795b0f50af26d78f9,117518,,community:my_export.json
plex,5e20b730f2f8d5003d739db7-627ec46a92d8e6a705784bd1,138773,,community:my_export.json
plex,5e20b730f2f8d5003d739db7-628bb0eafcb403aa62d2317d,124177,,community:my_export.json
plex,5e20b730f2f8d5003d739db7-628ea9fcffe4cec6361f5310,125215,,community:my_export.json
plex,5e20b730f2f8d5003d739db7-629e522ed1bc5f1b16c6b98d,114313,,community:my_export.json
plex,5e20b730f2f8d5003d739db7-62a388865440744efae8e243,131737,,community:my_export.json
plex,5e20b730f2f8d5003d739db7-62ab5aabbb869dd0df6a3487,124221,,community:my_export.json
plex,5e20b730f2f8d5003d739db7-62b45f15b4508e0eedacdf25,124040,,community:my_export.json
plex,5e20b730f2f8d5003d739db7-62b45f15b4508e0eedacdf26,123651,,community:my_export.json
plex,5e20b730f2f8d5003d739db7-62c47062085f5c338b9c6360,135718,,community:my_export.json
plex,5e20b730f2f8d5003d739db7-62d15f16001c04178f555e40,116115,,community:my_export.json
plex,5e20b730f2f8d5003d739db7-62d1a58e520656fda09e609d,132109,,community:my_export.json
plex,5e20b730f2f8d5003d739db7-62d1ecc8e44d39da220722aa,89311,,community:my_export.json
plex,5e20b730f2f8d5003d739db7-62d1efa6c33948ea4ceedbcf,125090,,community:my_export.json
plex,5e20b730f2f8d5003d739db7-62d7f68fb19cbf65dc7bef7d,122326,,community:my_export.json
plex,5e20b730f2f8d5003d739db7-62e3232ca105dea9c400e9fe,120480,,community:my_export.json
plex,5e20b730f2f8d5003d739db7-62ee6eae271f393d2d9f7096,115709,,community:my_export.json
plex,5e20b730f2f8d5003d739db7-62ee72cc271f393d2d9f7098,68686,,community:my_export.json
plex,5e20b730f2f8d5003d739db7-62ee74af52f7d73061eec491,95855,,community:my_export.json
plex,5e20b730f2f8d5003d739db7-62ee76b5271f393d2d9f709a,67573,,community:my_export.json
plex,5e20b730f2f8d5003d739db7-62ee784852f7d73061eec493,45219,,community:my_export.json
plex,5e20b730f2f8d5003d739db7-62ee7992271f393d2d9f709c,113302,,community:my_export.json
plex,5e20b730f2f8d5003d739db7-62ee7ae2271f393d2d9f709e,67564,,community:my_export.json
plex,5e20b730f2f8d5003d739db7-62efba6588a16bb7d6b6fb58,68639,,community:my_export.json
plex,5e20b730f2f8d5003d739db7-62efbb8652f7d73061eec498,113301,,community:my_export.json
plex,5e20b730f2f8d5003d739db7-62f11395586633e88e3a3274,68632,,community:my_export.json
plex,5e20b730f2f8d5003d739db7-62f13eeded056a1db9ef3d54,68620,,community:my_export.json
plex,5e20b730f2f8d5003d739db7-62f15810a3ffe928ef806c75,113308,,community:my_export.json
plex,5e20b730f2f8d5003d739db7-62f42e6cad0081c6ef405723,129672,,community:my_export.json
plex,5e20b730f2f8d5003d739db7-62fbf197c67d52bddf74cc87,114642,,community:my_export.json
plex,5e20b730f2f8d5003d739db7-62fc0150c67d52bddf74cc89,114647,,community:my_export.json
plex,5e20b730f2f8d5003d739db7-6303ca568a01b5d4dae57d0e,125128,,community:my_export.json
plex,5e20b730f2f8d5003d739db7-63068b870bbec3b06755a0ee,120086,,community:my_export.json
plex,5e20b730f2f8d5003d739db7-6308eda9ac9983739c8a29bb,120074,,community:my_export.json
plex,5e20b730f2f8d5003d739db7-6308f121ac9983739c8a29bd,126329,,community:my_export.json
plex,5e20b730f2f8d5003d739db7-630902bf0417b7074a4ad95c,120073,,community:my_export.json
plex,5e20b730f2f8d5003d739db7-630905af0417b7074a4ad95e,120076,,community:my_export.json
plex,5e20b730f2f8d5003d739db7-630fa9e577ec3866def38fa2,124636,,community:my_export.json
plex,5e20b730f2f8d5003d739db7-631a212e82b744e0309aa56e,128535,,community:my_export.json
plex,5e20b730f2f8d5003d739db7-6322658be67cf9cd9011fcda,71760,,community:my_export.json
plex,5e20b730f2f8d5003d739db7-63226c03e67cf9cd9011fcdf,113402,,community:my_export.json
plex,5e20b730f2f8d5003d739db7-632270e3e67cf9cd9011fce1,127174,,community:my_export.json
plex,5e20b730f2f8d5003d739db7-6329474265c8569187176338,124749,,community:my_export.json
plex,5e20b730f2f8d5003d739db7-633239caa6615514fb78ecf3,129048,,community:my_export.json
plex,5e20b730f2f8d5003d739db7-6334a8e48a7b2a349d903b8c,120469,,community:my_export.json
plex,5e20b730f2f8d5003d739db7-6335ad3170dc93c71ab5ce09,124328,,community:my_export.json
plex,5e20b730f2f8d5003d739db7-6348ac7090b96ef5e0eb3288,128546,,community:my_export.json
plex,5e20b730f2f8d5003d739db7-6348adc71159f6a5ce819b85,128545,,community:my_export.json
plex,5e20b730f2f8d5003d739db7-6348b2cb1159f6a5ce819b89,133939,,community:my_export.json
plex,5e20b730f2f8d5003d739db7-6349ed0eb1adc4cfa571fd37,132889,,community:my_export.json
plex,5e20b730f2f8d5003d739db7-63504925a97bd70eaef54f01,125196,,community:my_export.json
plex,5e20b730f2f8d5003d739db7-63506e7747b2355a27e76e7f,128391,,community:my_export.json
plex,5e20b730f2f8d5003d739db7-635195e9ccee3e1547a8831a,130175,,community:my_export.json
plex,5e20b730f2f8d5003d739db7-6351991cccee3e1547a8831e,151829,,community:my_export.json
plex,5e20b730f2f8d5003d739db7-6351b29cb940534786b2ec17,121307,,community:my_export.json
plex,5e20b730f2f8d5003d739db7-635847d0d3a668f1cafc1f9d,121714,,community:my_export.json
plex,5e20b730f2f8d5003d739db7-63584a0cf8e2be1350f802a4,131075,,community:my_export.json
plex,5e20b730f2f8d5003d739db7-635c5c6ac3585aefbd236576,135379,,community:my_export.json
plex,5e20b730f2f8d5003d739db7-635ff8bb66f96b46951ab7f3,135717,,community:my_export.json
plex,5e20b730f2f8d5003d739db7-63616d4c9fdbf7808e22baee,135380,,community:my_export.json
plex,5e20b730f2f8d5003d739db7-63628eb88e4b18ca22f897dc,112487,,community:my_export.json
plex,5e20b730f2f8d5003d739db7-6365779dde08f8eec6c3f21f,132607,,community:my_export.json
plex,5e20b730f2f8d5003d739db7-636d46934ea1109a7d205a55,137352,,community:my_export.json
plex,5e20b730f2f8d5003d739db7-636d5aa3dc2c550b145ed422,123455,,community:my_export.json
plex,5e20b730f2f8d5003d739db7-636d9d2d4ea1109a7d205a70,121656,,community:my_export.json
plex,5e20b730f2f8d5003d739db7-6373bfe48e2036e4410ddb82,126737,,community:my_export.json
plex,5e20b730f2f8d5003d739db7-6377ea0e13bb6b1757e14695,119219,,community:my_export.json
plex,5e20b730f2f8d5003d739db7-63894c1965b848bf2c8a7800,156197,,community:my_export.json
plex,5e20b730f2f8d5003d739db7-639a0b83812b6c1429f7acd1,135385,,community:my_export.json
plex,5e20b730f2f8d5003d739db7-63b5df3f27159bc9de3062aa,132782,,community:my_export.json
plex,5e20b730f2f8d5003d739db7-63c1ddfaf0f132afc3afbaae,123424,,community:my_export.json
plex,5e20b730f2f8d5003d739db7-63c1e176f0f132afc3afbab0,118456,,community:my_export.json
plex,5e20b730f2f8d5003d739db7-63c1e47ef0f132afc3afbab2,121308,,community:my_export.json
plex,5e20b730f2f8d5003d739db7-63c1e64df0f132afc3afbab4,123423,,community:my_export.json
plex,5e20b730f2f8d5003d739db7-63c1ec0e0aa23f984207af82,123425,,community:my_export.json
plex,5e20b730f2f8d5003d739db7-63c9724c5feb7b9655cb1950,123432,,community:my_export.json
plex,5e20b730f2f8d5003d739db7-63c97410187b3c9f3581fdf4,123430,,community:my_export.json
plex,5e20b730f2f8d5003d739db7-63c97610187b3c9f3581fdf6,123426,,community:my_export.json
plex,5e20b730f2f8d5003d739db7-63c9773e187b3c9f3581fdf8,123431,,community:my_export.json
plex,5e20b730f2f8d5003d739db7-63c97b45187b3c9f3581fdfb,123427,,community:my_export.json
plex,5e20b730f2f8d5003d739db7-63c97da7187b3c9f3581fdfd,123433,,Modern Marvels by History
plex,5e20b730f2f8d5003d739db7-63d6f799a9e88ee909e7ee21,112881,,community:my_export.json
plex,5e20b730f2f8d5003d739db7-63d6f9b67c3070b6e06e0aad,131923,,community:my_export.json
plex,5e20b730f2f8d5003d739db7-63d6fc71a9e88ee909e7ee23,122437,,community:my_export.json
plex,5e20b730f2f8d5003d739db7-63dea56a2a2abb171ff6dadf,132816,,community:my_export.json
plex,5e20b730f2f8d5003d739db7-63e2ca44203bafbef831a152,149408,,community:my_export.json
plex,5e20b730f2f8d5003d739db7-63e63d26abacad42ed3d1acd,121659,,community:my_export.json
plex,5e20b730f2f8d5003d739db7-63e63f20abacad42ed3d1acf,120491,,community:my_export.json
plex,5e20b730f2f8d5003d739db7-63ec0b739866d8d2120ac759,132608,,community:my_export.json
plex,5e20b730f2f8d5003d739db7-63ec126f9866d8d2120ac75b,129047,,community:my_export.json
plex,5e20b730f2f8d5003d739db7-63ec13cb290593c3fc279f48,126369,,community:my_export.json
plex,5e20b730f2f8d5003d739db7-63ec15d6290593c3fc279f4a,126439,,community:my_export.json
plex,5e20b730f2f8d5003d739db7-63eecb32ac23d1ee072087cb,156196,,community:my_export.json
plex,5e20b730f2f8d5003d739db7-63f688faf615dc7d3f9071f7,131429,,community:my_export.json
plex,5e20b730f2f8d5003d739db7-63f693a3fff2b53dc9ddc8f4,129137,,community:my_export.json
plex,5e20b730f2f8d5003d739db7-63f914bffe2c3d32e1a7929f,131359,,community:my_export.json
plex,5e20b730f2f8d5003d739db7-63fe7d7eb6312779f56504d3,133153,,community:my_export.json
plex,5e20b730f2f8d5003d739db7-640205c40e1daf16b299567e,135168,,community:my_export.json
plex,5e20b730f2f8d5003d739db7-640205c68ecb41f2d89d5814,135306,,community:my_export.json
plex,5e20b730f2f8d5003d739db7-64106a1075be345a863fe0d7,135674,,community:my_export.json
plex,5e20b730f2f8d5003d739db7-641496bf238e21f260e7844a,135167,,community:my_export.json
plex,5e20b730f2f8d5003d739db7-64149a3c238e21f260e7844c,126373,,community:my_export.json
plex,5e20b730f2f8d5003d739db7-6414a73254c537d12d8073d7,151422,,community:my_export.json
plex,5e20b730f2f8d5003d739db7-641db53c2f7a0fca29488c99,116607,,community:my_export.json
plex,5e20b730f2f8d5003d739db7-64224b7a7e28069f56b5d894,134160,,community:my_export.json
plex,5e20b730f2f8d5003d739db7-64275805efc65caa7e9514d6,134159,,community:my_export.json
plex,5e20b730f2f8d5003d739db7-6434540bf43c8cfbfdc6e600,138244,,community:my_export.json
plex,5e20b730f2f8d5003d739db7-6438ee5a83766488c3bc9d4d,135516,,community:my_export.json
plex,5e20b730f2f8d5003d739db7-643f0ecd76de2b4015ae6c01,127399,,community:my_export.json
plex,5e20b730f2f8d5003d739db7-6448ba1baf92c31f4a190c27,147152,,community:my_export.json
plex,5e20b730f2f8d5003d739db7-6449369eb3ff17382cae57fc,137071,,community:my_export.json
plex,5e20b730f2f8d5003d739db7-6449369eb3ff17382cae57fd,137085,,community:my_export.json
plex,5e20b730f2f8d5003d739db7-6449369eb3ff17382cae57ff,137079,,community:my_export.json
plex,5e20b730f2f8d5003d739db7-6449369eb3ff17382cae5801,137069,,community:my_export.json
plex,5e20b730f2f8d5003d739db7-6449369eb3ff17382cae5802,137082,,community:my_export.json
plex,5e20b730f2f8d5003d739db7-6449369eb3ff17382cae5803,137077,,community:my_export.json
plex,5e20b730f2f8d5003d739db7-6449369eb3ff17382cae5806,137080,,community:my_export.json
plex,5e20b730f2f8d5003d739db7-6449369eb3ff17382cae5807,137078,,community:my_export.json
plex,5e20b730f2f8d5003d739db7-6449369eb3ff17382cae5808,137070,,community:my_export.json
plex,5e20b730f2f8d5003d739db7-6449369eb3ff17382cae580c,137068,,community:my_export.json
plex,5e20b730f2f8d5003d739db7-6449369eb3ff17382cae580d,137073,,community:my_export.json
plex,5e20b730f2f8d5003d739db7-6449369eb3ff17382cae5811,137067,,community:my_export.json
plex,5e20b730f2f8d5003d739db7-6449369eb3ff17382cae5816,137083,,community:my_export.json
plex,5e20b730f2f8d5003d739db7-6449369eb3ff17382cae5819,137075,,community:my_export.json
plex,5e20b730f2f8d5003d739db7-6449369f243fbe342a9c0b4d,137072,,community:my_export.json
plex,5e20b730f2f8d5003d739db7-6449369f243fbe342a9c0b4e,137081,,community:my_export.json
plex,5e20b730f2f8d5003d739db7-644a675d5b1d51b6a8d18607,135518,,community:my_export.json
plex,5e20b730f2f8d5003d739db7-644a69895b1d51b6a8d18609,135575,,community:my_export.json
plex,5e20b730f2f8d5003d739db7-644b13a3a1c0a5b2024c8403,150219,,community:my_export.json
plex,5e20b730f2f8d5003d739db7-644c446d7472b186783f359e,148558,,community:my_export.json
plex,5e20b730f2f8d5003d739db7-644c4bc17472b186783f35a0,135378,,community:my_export.json
plex,5e20b730f2f8d5003d739db7-645a5a1e4dc67ffc42d36558,126864,,community:my_export.json
plex,5e20b730f2f8d5003d739db7-645e328e3ea1d2d705ef8ab2,138393,,community:my_export.json
plex,5e20b730f2f8d5003d739db7-645e328fb164db00b4547f05,138400,,community:my_export.json
plex,5e20b730f2f8d5003d739db7-645f840b361156ab4214e28d,138455,,community:my_export.json
plex,5e20b730f2f8d5003d739db7-6467891c73e5e029428f0e16,138396,,community:my_export.json
plex,5e20b730f2f8d5003d739db7-6467891c73e5e029428f0e18,138585,,community:my_export.json
plex,5e20b730f2f8d5003d739db7-64694d52f73356567a64ce8c,100594,,community:my_export.json
plex,5e20b730f2f8d5003d739db7-6469502df73356567a64ce8e,92197,,community:my_export.json
plex,5e20b730f2f8d5003d739db7-646c0dfbfb58444e4e1e262d,125214,,community:my_export.json
plex,5e20b730f2f8d5003d739db7-646d06c9b09f13b2d8af68d8,100599,,community:my_export.json
plex,5e20b730f2f8d5003d739db7-646e489b58898bf3be94b325,137074,,community:my_export.json
plex,5e20b730f2f8d5003d739db7-646fab0e43d6d6838db81a6a,101443,,community:my_export.json
plex,5e20b730f2f8d5003d739db7-64704596e536e0faaf10be9b,124931,,community:my_export.json
plex,5e20b730f2f8d5003d739db7-6470477fe536e0faaf10be9d,149864,,Robot Wars by Mech+
plex,5e20b730f2f8d5003d739db7-6478acb5c83f56da796f166d,138528,,community:my_export.json
plex,5e20b730f2f8d5003d739db7-6478acb5c83f56da796f166f,138526,,community:my_export.json
plex,5e20b730f2f8d5003d739db7-6478acb5c83f56da796f1670,138527,,community:my_export.json
plex,5e20b730f2f8d5003d739db7-648095ad190e97d15c3470e9,137506,,community:my_export.json
plex,5e20b730f2f8d5003d739db7-648095b14e104622d093d902,137609,,community:my_export.json
plex,5e20b730f2f8d5003d739db7-64831c8be3541c909e96d240,123667,,community:my_export.json
plex,5e20b730f2f8d5003d739db7-64a04b8a261d597ce8b4c9ec,158635,,community:my_export.json
plex,5e20b730f2f8d5003d739db7-64a8903d273b89c4e7396553,119661,,community:my_export.json
plex,5e20b730f2f8d5003d739db7-64ac687b4192b4e1bab96279,124268,,community:my_export.json
plex,5e20b730f2f8d5003d739db7-64aed1e9c6085b5faf20ee1f,135510,,community:my_export.json
plex,5e20b730f2f8d5003d739db7-64b710b44612b1f48e9ad31a,138686,,community:my_export.json
plex,5e20b730f2f8d5003d739db7-64b7139c8ec13d5dcb7e6bb2,125151,,community:my_export.json
plex,5e20b730f2f8d5003d739db7-64b7170c4612b1f48e9ad31e,124329,,community:my_export.json
plex,5e20b730f2f8d5003d739db7-64b719768ec13d5dcb7e6bb4,121598,,community:my_export.json
plex,5e20b730f2f8d5003d739db7-64c91830ea7db2f52688c52c,124721,,community:my_export.json
plex,5e20b730f2f8d5003d739db7-64d2bdf1b18b113e0c610113,165441,,community:my_export.json
plex,5e20b730f2f8d5003d739db7-64d2c6acb18b113e0c61012a,155534,,community:my_export.json
plex,5e20b730f2f8d5003d739db7-64e405b42b16ff56feb98444,137994,,community:my_export.json
plex,5e20b730f2f8d5003d739db7-64e4084bb5fc5e016613edd4,134855,,community:my_export.json
plex,5e20b730f2f8d5003d739db7-64e6df6e4a5e9b4cedc6d529,129781,,community:my_export.json
plex,5e20b730f2f8d5003d739db7-64e9f17c7511e20e999d6c34,145517,,community:my_export.json
plex,5e20b730f2f8d5003d739db7-64f0d3ddc2bc9b9001d46ea4,121781,,community:my_export.json
plex,5e20b730f2f8d5003d739db7-64f0d9a7c2bc9b9001d46ea6,144963,,community:my_export.json
plex,5e20b730f2f8d5003d739db7-64f0db77c2bc9b9001d46eaa,144965,,community:my_export.json
plex,5e20b730f2f8d5003d739db7-64f101b1c4b308f2fe3e7c0c,136406,,community:my_export.json
plex,5e20b730f2f8d5003d739db7-64f115ad2173e54397ce0d40,154615,,community:my_export.json
plex,5e20b730f2f8d5003d739db7-64f1177d79fd56092f9061bf,154616,,community:my_export.json
plex,5e20b730f2f8d5003d739db7-64f123008d44f2871135a905,134959,,community:my_export.json
plex,5e20b730f2f8d5003d739db7-64fb8ec0214cf8b3b54b5ec8,132491,,community:my_export.json
plex,5e20b730f2f8d5003d739db7-64fb9149bb3e0baa5dcc0944,132456,,community:my_export.json
plex,5e20b730f2f8d5003d739db7-64fba5f3214cf8b3b54b5ecc,129777,,community:my_export.json
plex,5e20b730f2f8d5003d739db7-64fba7b6bb3e0baa5dcc0949,129783,,community:my_export.json
plex,5e20b730f2f8d5003d739db7-6502891e8ebe90c9ed73f7a0,154619,,community:my_export.json
plex,5e20b730f2f8d5003d739db7-650299cdec4e38daa56e9c7c,142107,,community:my_export.json
plex,5e20b730f2f8d5003d739db7-650b38f490baad1963ad96f9,145846,,community:my_export.json
plex,5e20b730f2f8d5003d739db7-650b5bb3f4b2d9579946a500,142109,,community:my_export.json
plex,5e20b730f2f8d5003d739db7-6515fa752ff655e77635c626,149920,,community:my_export.json
plex,5e20b730f2f8d5003d739db7-6515ff231fc969615e69d170,131259,,community:my_export.json
plex,5e20b730f2f8d5003d739db7-6516023b1fc969615e69d172,157901,,community:my_export.json
plex,5e20b730f2f8d5003d739db7-65257cdf65486aca7aa77716,148511,,community:my_export.json
plex,5e20b730f2f8d5003d739db7-65282a6091e77473f1a44ff2,145680,,community:my_export.json
plex,5e20b730f2f8d5003d739db7-652875586425fdb1f32d2169,146962,,community:my_export.json
plex,5e20b730f2f8d5003d739db7-6529ad9dc8221fe0db66c0b3,120989,,community:my_export.json
plex,5e20b730f2f8d5003d739db7-652a8b001b5c74bc83cf727c,147688,,community:my_export.json
plex,5e20b730f2f8d5003d739db7-6533de63bd43e1c8b1865152,146144,,community:my_export.json
plex,5e20b730f2f8d5003d739db7-653d9d28d3e2e30d889226be,135576,,community:my_export.json
plex,5e20b730f2f8d5003d739db7-654a6d313713a28d9f0b917f,145442,,community:my_export.json
plex,5e20b730f2f8d5003d739db7-654d5db7ff9919cc3e31e961,123897,,community:my_export.json
plex,5e20b730f2f8d5003d739db7-654eb862dde2222e8ba551f1,149883,,community:my_export.json
plex,5e20b730f2f8d5003d739db7-65621947b7d737841f30a4f7,161669,,community:my_export.json
plex,5e20b730f2f8d5003d739db7-656229e4b7d737841f30a4fb,141827,,community:my_export.json
plex,5e20b730f2f8d5003d739db7-65622ac05dbccec83a87b641,141826,,community:my_export.json
plex,5e20b730f2f8d5003d739db7-65622eddb7d737841f30a4fd,141829,,community:my_export.json
plex,5e20b730f2f8d5003d739db7-65622fb65dbccec83a87b643,141828,,community:my_export.json
plex,5e20b730f2f8d5003d739db7-656235425dbccec83a87b645,141825,,community:my_export.json
plex,5e20b730f2f8d5003d739db7-65623e0eb7d737841f30a4ff,151233,,community:my_export.json
plex,5e20b730f2f8d5003d739db7-656fb850cb7e8e6a9bc3f36e,152977,,community:my_export.json
plex,5e20b730f2f8d5003d739db7-656fbbd6dbcce28c3a41741b,152976,,community:my_export.json
plex,5e20b730f2f8d5003d739db7-657107dc56226238740fcc2d,108919,,community:my_export.json
plex,5e20b730f2f8d5003d739db7-6571186d9a46917c0a8f2ddd,133691,,community:my_export.json
plex,5e20b730f2f8d5003d739db7-6571f43a1d2aae780d597196,104846,,community:my_export.json
plex,5e20b730f2f8d5003d739db7-6578bb741a12778a8550d158,110291,,community:my_export.json
plex,5e20b730f2f8d5003d739db7-6578e7b5eef129f30fb38df7,151312,,community:my_export.json
plex,5e20b730f2f8d5003d739db7-65829ef26b91be4547aa153a,151232,,community:my_export.json
plex,5e20b730f2f8d5003d739db7-6582a024a90606db3c841b1b,151234,,community:my_export.json
plex,5e20b730f2f8d5003d739db7-6582a1316b91be4547aa153c,151230,,community:my_export.json
plex,5e20b730f2f8d5003d739db7-6583507e0938f2993a23375c,146769,,community:my_export.json
plex,5e20b730f2f8d5003d739db7-65944d40cbc51b25e5070a18,137752,,community:my_export.json
plex,5e20b730f2f8d5003d739db7-659f04ef27ae392d2e204695,141469,,community:my_export.json
plex,5e20b730f2f8d5003d739db7-65a1d3996475bf522f9256e3,125419,,community:my_export.json
plex,5e20b730f2f8d5003d739db7-65bd5a538314c24e11553543,151830,,community:my_export.json
plex,5e20b730f2f8d5003d739db7-65e87f35335524a69e8e0ce0,147639,,community:my_export.json
plex,5e20b730f2f8d5003d739db7-65e87f35335524a69e8e0ce1,147642,,community:my_export.json
plex,5e20b730f2f8d5003d739db7-65f0da6f046e6131ecc31841,140181,,community:my_export.json
plex,5e20b730f2f8d5003d739db7-65f0de01046e6131ecc31845,140180,,community:my_export.json
plex,5e20b730f2f8d5003d739db7-65f0e049046e6131ecc31847,140182,,community:my_export.json
plex,5e20b730f2f8d5003d739db7-6605be856b034eec533c49ee,148202,,community:my_export.json
plex,5e20b730f2f8d5003d739db7-660df9e0e7dcb14697880bfb,153591,,community:my_export.json
plex,5e20b730f2f8d5003d739db7-6615360a8423b8d7e61a099b,154613,,community:my_export.json
plex,5e20b730f2f8d5003d739db7-6615360a8423b8d7e61a099c,154612,,community:my_export.json
plex,5e20b730f2f8d5003d739db7-6615522e50e81fa51eb0df60,154621,,community:my_export.json
plex,5e20b730f2f8d5003d739db7-6615522e50e81fa51eb0df61,154623,,community:my_export.json
plex,5e20b730f2f8d5003d739db7-6615522e50e81fa51eb0df62,154622,,community:my_export.json
plex,5e20b730f2f8d5003d739db7-6615885e1eabecf2c9d56495,153411,,community:my_export.json
plex,5e20b730f2f8d5003d739db7-6617f52f0049fcb8e2b0d5b8,155772,,community:my_export.json
plex,5e20b730f2f8d5003d739db7-661fca34414d94009d1206ec,157054,,community:my_export.json
plex,5e20b730f2f8d5003d739db7-661fcbcf414d94009d1206ee,157057,,community:my_export.json
plex,5e20b730f2f8d5003d739db7-66213052abd90e037ccd1fe4,157277,,community:my_export.json
plex,5e20b730f2f8d5003d739db7-6627ab12580825e8a7bc4f04,156201,,community:my_export.json
plex,5e20b730f2f8d5003d739db7-66428faa5116d565e63ae32a,150981,,community:my_export.json
plex,5e20b730f2f8d5003d739db7-664292a80e0ec7b4ce5eb28c,152030,,community:my_export.json
plex,5e20b730f2f8d5003d739db7-664294d20e0ec7b4ce5eb28e,160863,,community:my_export.json
plex,5e20b730f2f8d5003d739db7-6642a07d0e0ec7b4ce5eb294,146460,,community:my_export.json
plex,5e20b730f2f8d5003d739db7-66635b07ca7b22f4c3a2d73d,159707,,community:my_export.json
plex,5e20b730f2f8d5003d739db7-66635c20ca7b22f4c3a2d73f,159706,,community:my_export.json
plex,5e20b730f2f8d5003d739db7-66635e41ca7b22f4c3a2d741,159705,,community:my_export.json
plex,5e20b730f2f8d5003d739db7-66635fc0ca7b22f4c3a2d743,159704,,community:my_export.json
plex,5e20b730f2f8d5003d739db7-6668b2b5e4f56766e556a413,129477,,community:my_export.json
plex,5e20b730f2f8d5003d739db7-6668b69889c051b3733f9b60,158128,,community:my_export.json
plex,5e20b730f2f8d5003d739db7-6668b7a5e4f56766e556a415,158129,,community:my_export.json
plex,5e20b730f2f8d5003d739db7-666e15a3ce73ed6023b55a0f,151309,,community:my_export.json
plex,5e20b730f2f8d5003d739db7-666e1c83d91d13cb4c8cbb71,151308,,community:my_export.json
plex,5e20b730f2f8d5003d739db7-666e2178d91d13cb4c8cbb75,151311,,community:my_export.json
plex,5e20b730f2f8d5003d739db7-666e236ace73ed6023b55a17,151306,,community:my_export.json
plex,5e20b730f2f8d5003d739db7-6674b595f04cf4bb9233c914,163839,,community:my_export.json
plex,5e20b730f2f8d5003d739db7-6674b68af04cf4bb9233c916,157393,,community:my_export.json
plex,5e20b730f2f8d5003d739db7-66a1aa319101f360242499a8,138031,,community:my_export.json
plex,5e20b730f2f8d5003d739db7-66a1abb19101f360242499aa,169645,,Welcome Home
plex,5e20b730f2f8d5003d739db7-66a1ac4877649467da169f0a,138033,,community:my_export.json
plex,5e20b730f2f8d5003d739db7-66a1acc577649467da169f0c,138027,,community:my_export.json
plex,5e20b730f2f8d5003d739db7-66a1ae9e77649467da169f0e,149117,,community:my_export.json
plex,5e20b730f2f8d5003d739db7-66a1af9677649467da169f12,138032,,community:my_export.json
plex,5e20b730f2f8d5003d739db7-66a1b02777649467da169f14,138034,,Love & Marriage
plex,5e20b730f2f8d5003d739db7-66a2818ce1a2934adfe851e5,138036,,community:my_export.json
plex,5e20b730f2f8d5003d739db7-66a294d3e1a2934adfe851f5,138030,,community:my_export.json
plex,5e20b730f2f8d5003d739db7-66a2b6ebf7180d8d2ca77f5e,169317,,Family Unscripted
plex,5e20b730f2f8d5003d739db7-66a2bfe594b6a49cb5054d75,138028,,community:my_export.json
plex,5e20b730f2f8d5003d739db7-66a2c1370b91165254efdb3c,138029,,community:my_export.json
plex,5e20b730f2f8d5003d739db7-66a2d1390b91165254efdb3e,125192,,Family Feud
plex,5e20b730f2f8d5003d739db7-66a2d71b0b91165254efdb40,113452,,community:my_export.json
plex,5e20b730f2f8d5003d739db7-66a2d97c94b6a49cb5054d77,157959,,community:my_export.json
plex,5e20b730f2f8d5003d739db7-66ad6b4fcb5d3b7fb5011c2f,135701,,community:my_export.json
plex,5e20b730f2f8d5003d739db7-66b4fcc2530e39ea2ee79545,114958,,community:my_export.json
plex,5e20b730f2f8d5003d739db7-66ce3e009ac0b1441b19ca29,163834,,community:my_export.json
plex,5e20b730f2f8d5003d739db7-66e0d0c4f70549a9bc1eceb0,148054,,community:my_export.json
plex,5e20b730f2f8d5003d739db7-66e4cbef38de9754b6b13e90,161356,,community:my_export.json
plex,5e20b730f2f8d5003d739db7-66ea09a39502c5778b828d43,128388,,FilmRise Horror
plex,5e20b730f2f8d5003d739db7-66f5a92352c50d2f62020f38,124998,,Horror by ALTER
plex,5e20b730f2f8d5003d739db7-670694b4836808fbb1561c91,164081,,community:my_export.json
plex,5e20b730f2f8d5003d739db7-672948f0297d4ea7584a2e13,168810,,The Martha Stewart Channel
plex,5e20b730f2f8d5003d739db7-67294a601055ef3897c73477,168777,,The Emeril Lagasse Channel
plex,5e20b730f2f8d5003d739db7-6745dca72832b870acf53220,169857,,community:my_export.json
plex,5e20b730f2f8d5003d739db7-6759a32270e41582b1b7a236,166712,,community:my_export.json
plex,5e20b730f2f8d5003d739db7-67642f277c5e3b38af72dcdb,167590,,community:my_export.json
plex,5e20b730f2f8d5003d739db7-6785867ad3749c9bdd4d2ed1,153524,,ONE Championship TV
plex,5e20b730f2f8d5003d739db7-678819cadb8f0c5dc195cf50,171699,,community:my_export.json
plex,5e20b730f2f8d5003d739db7-678fe7959407a53556d3e8eb,70130,,community:my_export.json
plex,5e20b730f2f8d5003d739db7-678fe95d389daa346544d501,153526,,community:my_export.json
plex,5e20b730f2f8d5003d739db7-67a37720786c8a28ae4965bb,172207,,community:my_export.json
plex,5e20b730f2f8d5003d739db7-68017ed20268b77d02a5f4bd,176119,,PGA TOUR
plex,5e20b730f2f8d5003d739db7-68161fa001a9a5584ff27e96,181305,,Ancient Aliens
plex,5e20b730f2f8d5003d739db7-681620c4a11533c312abacbe,181303,,The First 48 by A&E
plex,5e20b730f2f8d5003d739db7-682512b03d06c8e426a2941a,163834,,Z Nation
plex,5e20b730f2f8d5003d739db7-68800806996f1a2fb393a6e5,124052,,XITE Rock x Metal
plex,5e20b730f2f8d5003d739db7-688d399a8ceaa3681d9425d3,124050,,XITE Classic Country
plex,5e20b730f2f8d5003d739db7-6896595a58a6658b3d6a501a,152131,,F1 Channel
plex,5e20b730f2f8d5003d739db7-68965dc258a6658b3d6a501c,124051,,XITE Gospel
plex,5e20b730f2f8d5003d739db7-68c86f0bda79d98d977dc90c,113603,,Revry
plex,5e20b730f2f8d5003d739db7-68d15e51c80ec69e0bd8965b,146284,,MrBeast
plex,5e20b730f2f8d5003d739db7-68fafe0dae4af1c7478fbeec,123870,,Bloomberg Originals
plex,5e20b730f2f8d5003d739db7-68fb056f004ccee30be51254,125046,,CINEVAULT: Classics
plex,5e20b730f2f8d5003d739db7-68fb070d004ccee30be51256,125052,,CINEVAULT
plex,5e20b730f2f8d5003d739db7-68fb0847004ccee30be5125a,122606,,CINEVAULT: Westerns
plex,5e20b730f2f8d5003d739db7-68fb0a97558214386ab7ca44,140528,,Crunchyroll
plex,5e20b730f2f8d5003d739db7-69332d894b745570462f3cc4,130348,,FilmRise Black TV
plex,5e20b730f2f8d5003d739db7-6954299e3ea890246dc21520,144738,,DAZN Ringside
plex,5e20b730f2f8d5003d739db7-69814bbff871095eafc65925,123515,,Powernation
plex,647f8d22a2fc3fadb4721685-6403c7a95baf3d46d1103770,122185,,CBC News
plex,647f8d22a2fc3fadb4721685-65b28dd28f05102bce4a790f,122186,,Radio-Canada INFO
plex,647f8d22a2fc3fadb4721685-65b28dd28f05102bce4a7910,146608,,CBC Comedy
plex,68fa84637ac952737656ae5f-5eea605474085f0040ddc767,130620,,AsianCrush
plex,68fa84637ac952737656ae5f-5eea605574085f0040ddc782,116474,-5,Game Show Central
plex,68fa84637ac952737656ae5f-5eea605574085f0040ddc791,133321,,FailArmy
plex,68fa84637ac952737656ae5f-5eea605674085f0040ddc79d,109553,,Law & Crime
plex,68fa84637ac952737656ae5f-5eea605674085f0040ddc7a0,121651,,The Archive
plex,68fa84637ac952737656ae5f-5eea605674085f0040ddc7a6,128542,,Dark Matter TV
plex,68fa84637ac952737656ae5f-5eea605674085f0040ddc7ac,137854,,party tyme karaoke
plex,68fa84637ac952737656ae5f-5eea71d65252710041e0ccbc,131221,,Reuters TV
plex,68fa84637ac952737656ae5f-5ef11485d33ab9004048a1ca,112732,,SportsGrid
plex,68fa84637ac952737656ae5f-5ef11486d33ab9004048a1cd,134109,,Always Funny
plex,68fa84637ac952737656ae5f-5ef11487d33ab9004048a1d3,120283,,Choppertown
plex,68fa84637ac952737656ae5f-5ef4e1b10d9ad000423c4421,136735,,Always Funny en Español
plex,68fa84637ac952737656ae5f-5ef4e1b40d9ad000423c4427,124312,,Midnight Pulp
plex,68fa84637ac952737656ae5f-5ef4e1b40d9ad000423c442a,119355,,RetroCrush
plex,68fa84637ac952737656ae5f-5ef4e1b40d9ad000423c4430,121534,-5,Maverick Black Cinema
plex,68fa84637ac952737656ae5f-5ef51c802ddee5003f1c0225,107076,,Tastemade
plex,68fa84637ac952737656ae5f-5efe1de5e0b3f5003f5d9f76,115447,,Comedy Dynamics
plex,68fa84637ac952737656ae5f-5efe1de6e0b3f5003f5d9f82,157506,,The Boat Show
plex,68fa84637ac952737656ae5f-5efe1de6e0b3f5003f5d9f88,114491,,The Bob Ross Channel
plex,68fa84637ac952737656ae5f-5efe1de8e0b3f5003f5d9f91,110480,,Dove
plex,68fa84637ac952737656ae5f-5f0641d0e8ffda004033aff4,121708,,MAVTV Select
plex,68fa84637ac952737656ae5f-5f0641d3e8ffda004033b16e,118087,,The Design Network
plex,68fa84637ac952737656ae5f-5f0ff262d71dcb00449ec012,114871,,So... Real
plex,68fa84637ac952737656ae5f-5f0ff262d71dcb00449ec015,119233,-5,Nosey
plex,68fa84637ac952737656ae5f-5f0ff263d71dcb00449ec021,122524,,People are Awesome
plex,68fa84637ac952737656ae5f-5f0ff266d71dcb00449ec030,127141,-5,WeatherSpy
plex,68fa84637ac952737656ae5f-5f170d60b898490041b49359,126634,,Toon Goggles
plex,68fa84637ac952737656ae5f-5f170d61b898490041b49360,112797,,Electric Now
plex,68fa84637ac952737656ae5f-5f170d61b898490041b49369,121165,,The Pet Collective
plex,68fa84637ac952737656ae5f-5f170d64b898490041b4938f,126670,,TG Junior
plex,68fa84637ac952737656ae5f-5f170f01b898490041b49dd1,113674,,Yahoo Finance
plex,68fa84637ac952737656ae5f-5f5132da62fe160040f26b5b,145519,,Judge Faith
plex,68fa84637ac952737656ae5f-5f5132df62fe160040f26bc2,155568,,Journy
plex,68fa84637ac952737656ae5f-5f5132e262fe160040f26bf2,119209,,MagellanTV NOW
plex,68fa84637ac952737656ae5f-5f5132e362fe160040f26c18,126569,,Pasión Latina
plex,68fa84637ac952737656ae5f-5f6142d2fc6ce20041ec3c92,113991,,Stadium
plex,68fa84637ac952737656ae5f-5f64c4ef35f612003f6ffe30,120790,,Hi-YAH!
plex,68fa84637ac952737656ae5f-5f6b8e5900b0950040d0f2af,101103,,Cheddar
plex,68fa84637ac952737656ae5f-5f74cf7effbe690040689f3e,116101,,Xtreme Outdoor by HISTORY
plex,68fa84637ac952737656ae5f-5f74cf7effbe690040689f41,113780,1,Crime 360
plex,68fa84637ac952737656ae5f-5f74cf82ffbe690040689f47,113673,,Home.Made.Nation
plex,68fa84637ac952737656ae5f-5f74cf83ffbe690040689f4a,131072,,Real Stories
plex,68fa84637ac952737656ae5f-5f74cf83ffbe690040689f4d,131073,,Wonder
plex,68fa84637ac952737656ae5f-5f74cf83ffbe690040689f50,121657,,History Hit
plex,68fa84637ac952737656ae5f-5f8746eabd529300418246d9,111140,,GUSTOTV
plex,68fa84637ac952737656ae5f-5f8ee3727c75fa002d9e47c1,124806,,ACCDN
plex,68fa84637ac952737656ae5f-5f91c4ea96a391002df9a661,118464,,pocket.watch Game-On
plex,68fa84637ac952737656ae5f-5f91c4ea96a391002df9a664,118462,,Ryan and Friends
plex,68fa84637ac952737656ae5f-5fb81660b7ad2d002dcb7335,121162,,Newsmax2
plex,68fa84637ac952737656ae5f-5fb84bc1b7ad2d002dcb735f,115944,,MOVIESPHERE
plex,68fa84637ac952737656ae5f-5fc6f3a62b6f7b002e77ffaa,116946,,News 12 New York
plex,68fa84637ac952737656ae5f-5fc705daa2236e002d69f108,110657,,Stingray Karaoke
plex,68fa84637ac952737656ae5f-5fc705dda2236e002d69f211,120010,,Scripps News
plex,68fa84637ac952737656ae5f-5fc705e2a2236e002d69f36d,115678,,AMC Thrillers
plex,68fa84637ac952737656ae5f-5fc705e2a2236e002d69f3ba,115539,,Stories by AMC
plex,68fa84637ac952737656ae5f-5fc705eb052f6f002ef46057,115677,,IFC Films Picks
plex,68fa84637ac952737656ae5f-5fc705eea2236e002d69f5ae,116019,,Slightly Off IFC
plex,68fa84637ac952737656ae5f-5fc705f68aba71002d8b7b37,106100,,Fubo Sports Network
plex,68fa84637ac952737656ae5f-5fc705ff2f220e002d5e6bce,115540,,The Walking Dead Universe
plex,68fa84637ac952737656ae5f-5fc705ff2f220e002d5e6bec,115679,,All Reality We TV
plex,68fa84637ac952737656ae5f-5fc70600598c41002da3dd19,113957,,Dateline
plex,68fa84637ac952737656ae5f-5fc70600598c41002da3dd34,113678,,SNL Vault
plex,68fa84637ac952737656ae5f-5fc70600598c41002da3dd39,114138,,TODAY All Day
plex,68fa84637ac952737656ae5f-5fc70600598c41002da3dd43,114140,,NBC Sports NOW
plex,68fa84637ac952737656ae5f-5fc70600dd53a6002d8f93ca,114174,,NBC News NOW
plex,68fa84637ac952737656ae5f-5fc706038aba71002d8b7c8e,114142,,GOLFPASS
plex,68fa84637ac952737656ae5f-5fd115b8b7ef8d002dcf1817,121424,,Waypoint TV
plex,68fa84637ac952737656ae5f-5fd9089d102006002d33c0fc,131074,,Real Life
plex,68fa84637ac952737656ae5f-5fe27da18cdd46002d85efed,116018,,The Grio
plex,68fa84637ac952737656ae5f-5fe27da28c198b002d179199,113296,,Qello Concerts
plex,68fa84637ac952737656ae5f-60089d90f682a3002c348299,19039,,Euronews
plex,68fa84637ac952737656ae5f-60089d97f682a3002c34829b,117478,,Estrella News
plex,68fa84637ac952737656ae5f-60089d98f682a3002c34829f,102236,,Estrella TV
plex,68fa84637ac952737656ae5f-6041643175c115002dc5125d,115674,,So Yummy
plex,68fa84637ac952737656ae5f-606605549dbfca002d2ae875,123156,,AXS TV NOW
plex,68fa84637ac952737656ae5f-6087ff3ae99ff1002ce1465b,118859,,Nashville
plex,68fa84637ac952737656ae5f-608a2c722957c9002c6a617b,132644,,Wired2Fish
plex,68fa84637ac952737656ae5f-608aec5fa09205002da4f28f,117060,,BACKSTAGE
plex,68fa84637ac952737656ae5f-60995eb136c72d002da7bbcb,128066,,Love Nature
plex,68fa84637ac952737656ae5f-60a53634126de9002e694bc4,120375,,beIN SPORTS XTRA
plex,68fa84637ac952737656ae5f-60aeb5cd87f9b1002ce12323,129130,,NHRA TV
plex,68fa84637ac952737656ae5f-60d324f59adce5002c41dbc5,115729,,Stingray Naturescape
plex,68fa84637ac952737656ae5f-60d4edd6b2fdec002c141123,115370,,Johnny Carson TV
plex,68fa84637ac952737656ae5f-60d4edd6b2fdec002c141125,122609,,The Carol Burnett Show
plex,68fa84637ac952737656ae5f-60d4edd6b2fdec002c141127,111132,,Shout! TV
plex,68fa84637ac952737656ae5f-60d4edd7b2fdec002c14112b,136273,-5,OnDemandChina
plex,68fa84637ac952737656ae5f-60d4eddbb2fdec002c141133,113781,,MST3K
plex,68fa84637ac952737656ae5f-60d4edddb2fdec002c141135,122534,2,WildEarth
plex,68fa84637ac952737656ae5f-60de0520281b17002cd1d4c4,117227,,All Weddings We TV
plex,68fa84637ac952737656ae5f-60df3e18541143002f3b8607,122855,,USA TODAY
plex,68fa84637ac952737656ae5f-60e737a4ebef9d002c4d0a0c,134197,-6,AfroLandTV
plex,68fa84637ac952737656ae5f-60ede94f7da2ef002c55ce9b,132888,,Tribeca Channel
plex,68fa84637ac952737656ae5f-612919784f53e1002c9aa219,120377,,Are We There Yet?
plex,68fa84637ac952737656ae5f-614398a08f30fa61e0da7c97,122536,,True History
plex,68fa84637ac952737656ae5f-614a11bfa6f839154ee3306d,161702,,Spark TV Light & Love
plex,68fa84637ac952737656ae5f-614b82e2fda2ea37754acbb8,127467,,FamilyTime
plex,68fa84637ac952737656ae5f-6151d74593dbf246f0843f01,120551,,AccuWeather NOW
plex,68fa84637ac952737656ae5f-6154a863e3e4d9577f96b31a,133658,-5,Nosey Escándalos
plex,68fa84637ac952737656ae5f-615593004054ee0a9771147a,121125,,Vevo 2K
plex,68fa84637ac952737656ae5f-61559301bcb11028da48b065,121124,,Vevo '90s
plex,68fa84637ac952737656ae5f-61559303fa828e7f1a0ccfbd,121122,,Vevo '70s
plex,68fa84637ac952737656ae5f-615700a23a4a316ad53ad716,121123,,Vevo '80s
plex,68fa84637ac952737656ae5f-616743c63727d6d85751802a,115694,,Vevo Pop
plex,68fa84637ac952737656ae5f-616df1e90dfa27ee465797fa,122969,,CineLife
plex,68fa84637ac952737656ae5f-61a945156547ba4d6d238dc9,124630,,Racing America
plex,68fa84637ac952737656ae5f-61aa97d4113e1e5137fd5325,113306,,Stingray Greatest Holiday Hits
plex,68fa84637ac952737656ae5f-61aa9e73784a2161d3caf7f9,113300,,Hot Country
plex,68fa84637ac952737656ae5f-61aa9f50784a2161d3caf7fb,113304,,Remember the ‘80s
plex,68fa84637ac952737656ae5f-61aaa014784a2161d3caf7fd,113299,,Hit List
plex,68fa84637ac952737656ae5f-61aaa0cc784a2161d3caf7ff,113303,,Classic Rock
plex,68fa84637ac952737656ae5f-61aaa17a784a2161d3caf801,67563,,Soul Storm
plex,68fa84637ac952737656ae5f-61ae679103baf19077bbf933,120802,,True Crime Now
plex,68fa84637ac952737656ae5f-61d735fea7b7c7f703418512,122435,,Portlandia
plex,68fa84637ac952737656ae5f-61d73ab0a7b7c7f703418516,114666,,Bloomberg TV
plex,68fa84637ac952737656ae5f-61d73c3ca7b7c7f703418518,123870,,Bloomberg Originals
plex,68fa84637ac952737656ae5f-61ddcc6023daf618ed44c29f,122082,,Wanted: Dead or Alive
plex,68fa84637ac952737656ae5f-61ddcdc03c12aa1e5d320aaf,121881,,Caught in Providence
plex,68fa84637ac952737656ae5f-61e805952502a7a6fa84d70f,121705,,NFL Channel
plex,68fa84637ac952737656ae5f-61e9af453508a50f84213dd6,122275,,i24NEWS Updates
plex,68fa84637ac952737656ae5f-61f04d2bb01a6e8df3f72902,122436,,Swerve Combat
plex,68fa84637ac952737656ae5f-61fb10e8fe90430654c57530,122376,,Infamous TV
plex,68fa84637ac952737656ae5f-620462434ebc6b3b9a8aed94,128018,-5,LOL! Stand Up
plex,68fa84637ac952737656ae5f-6216ae22c3bbca2de8704f65,132647,-5,CampusLore Sports
plex,68fa84637ac952737656ae5f-62316e8eb9d292cb4ad7499f,127279,,Western Bound
plex,68fa84637ac952737656ae5f-623d9b0370560b72147a994a,120372,,Bounce XL
plex,68fa84637ac952737656ae5f-6244f2d33ef43121e567cf13,125383,,RCN Más
plex,68fa84637ac952737656ae5f-6245d867ddf1ba983d5b8bf8,123605,,Court TV
plex,68fa84637ac952737656ae5f-624c37af6281708eabbbe26b,122912,,ION
plex,68fa84637ac952737656ae5f-627e347795b0f50af26d78f9,117518,,ION Plus
plex,68fa84637ac952737656ae5f-627ec46a92d8e6a705784bd1,138773,-5,Ninja Kidz TV
plex,68fa84637ac952737656ae5f-628bb0eafcb403aa62d2317d,124177,,ALLBLK Gems
plex,68fa84637ac952737656ae5f-628ea9fcffe4cec6361f5310,125215,-5,LOL! Network
plex,68fa84637ac952737656ae5f-62913be9a0ed9c2b6ae63bac,128143,,Unexplained
plex,68fa84637ac952737656ae5f-6291409aa0ed9c2b6ae63bae,128068,,Gravitas Documentaries
plex,68fa84637ac952737656ae5f-629141f6a0ed9c2b6ae63bb0,128069,,Gravitas Adrenaline
plex,68fa84637ac952737656ae5f-629e522ed1bc5f1b16c6b98d,114313,,Outside
plex,68fa84637ac952737656ae5f-62a388865440744efae8e243,131737,,Overtime
plex,68fa84637ac952737656ae5f-62ab5aabbb869dd0df6a3487,124221,-5,TED
plex,68fa84637ac952737656ae5f-62b45f15b4508e0eedacdf25,124040,,Grit Xtra
plex,68fa84637ac952737656ae5f-62b45f15b4508e0eedacdf26,123651,,Ion Mystery
plex,68fa84637ac952737656ae5f-62c47062085f5c338b9c6360,135718,,VICE
plex,68fa84637ac952737656ae5f-62c4a65788737d6edc1a3626,128492,,The Hill TV
plex,68fa84637ac952737656ae5f-62d15f16001c04178f555e40,116115,,FUEL TV
plex,68fa84637ac952737656ae5f-62d1a58e520656fda09e609d,132109,,Shemaroo Bollywood
plex,68fa84637ac952737656ae5f-62d1ecc8e44d39da220722aa,89311,,ALF
plex,68fa84637ac952737656ae5f-62d1efa6c33948ea4ceedbcf,125090,,AMC en Español
plex,68fa84637ac952737656ae5f-62d7f68fb19cbf65dc7bef7d,122326,,Stingray Classica Stream
plex,68fa84637ac952737656ae5f-62e3232ca105dea9c400e9fe,120480,,This Old House
plex,68fa84637ac952737656ae5f-62ee6eae271f393d2d9f7096,115709,,Today's K-Pop
plex,68fa84637ac952737656ae5f-62ee72cc271f393d2d9f7098,68686,,Y2K
plex,68fa84637ac952737656ae5f-62ee74af52f7d73061eec491,95855,,Euro Hits
plex,68fa84637ac952737656ae5f-62ee76b5271f393d2d9f709a,67573,,Easy Listening
plex,68fa84637ac952737656ae5f-62ee784852f7d73061eec493,45219,,Smooth Jazz
plex,68fa84637ac952737656ae5f-62ee7992271f393d2d9f709c,113302,,Pop Adult
plex,68fa84637ac952737656ae5f-62ee7ae2271f393d2d9f709e,67564,,Hip-Hop/R&B
plex,68fa84637ac952737656ae5f-62efba6588a16bb7d6b6fb58,68639,,Éxitos del Momento
plex,68fa84637ac952737656ae5f-62efbb8652f7d73061eec498,113301,,Alternative
plex,68fa84637ac952737656ae5f-62f11395586633e88e3a3274,68632,,The Spa
plex,68fa84637ac952737656ae5f-62f13eeded056a1db9ef3d54,68620,,Nothin' But 90s
plex,68fa84637ac952737656ae5f-62f15810a3ffe928ef806c75,113308,,Flashback 70s
plex,68fa84637ac952737656ae5f-62f42e6cad0081c6ef405723,129672,-5,Documentary+
plex,68fa84637ac952737656ae5f-62fbf197c67d52bddf74cc87,114642,,Movie Music by Stingray
plex,68fa84637ac952737656ae5f-62fc0150c67d52bddf74cc89,114647,,Stingray DJAZZ
plex,68fa84637ac952737656ae5f-6303ca568a01b5d4dae57d0e,125128,,Anger Management
plex,68fa84637ac952737656ae5f-63068b870bbec3b06755a0ee,120086,-5,Classic Doctor Who
plex,68fa84637ac952737656ae5f-6308eda9ac9983739c8a29bb,120074,-5,BBC Home & Garden
plex,68fa84637ac952737656ae5f-6308f121ac9983739c8a29bd,126329,,Top Gear
plex,68fa84637ac952737656ae5f-630902bf0417b7074a4ad95c,120073,-5,Antiques Roadshow UK
plex,68fa84637ac952737656ae5f-630905af0417b7074a4ad95e,120076,-5,BBC Food
plex,68fa84637ac952737656ae5f-630fa9e577ec3866def38fa2,124636,,Women's Sports Network
plex,68fa84637ac952737656ae5f-631a212e82b744e0309aa56e,128535,,HBCUGO SPORTS
plex,68fa84637ac952737656ae5f-6322658be67cf9cd9011fcda,71760,,TRACE Urban
plex,68fa84637ac952737656ae5f-63226c03e67cf9cd9011fcdf,113402,,TRACE Latina
plex,68fa84637ac952737656ae5f-632270e3e67cf9cd9011fce1,127174,,At Home with Family Handyman
plex,68fa84637ac952737656ae5f-6329474265c8569187176338,124749,,TRACE Brazuca
plex,68fa84637ac952737656ae5f-632997b7b73f82d6e2ad3b68,120902,,Vevo Country
plex,68fa84637ac952737656ae5f-632997b7f79ba3e1368f8b97,120900,,Vevo Hip-Hop
plex,68fa84637ac952737656ae5f-633239caa6615514fb78ecf3,129048,,Unbeaten
plex,68fa84637ac952737656ae5f-6334a8e48a7b2a349d903b8c,120469,,Billiard TV
plex,68fa84637ac952737656ae5f-6335ad3170dc93c71ab5ce09,124328,,El Rey Rebel
plex,68fa84637ac952737656ae5f-6348ac7090b96ef5e0eb3288,128546,,PBS Antiques Roadshow
plex,68fa84637ac952737656ae5f-6348adc71159f6a5ce819b85,128545,,Antiques Road Trip
plex,68fa84637ac952737656ae5f-6348b2cb1159f6a5ce819b89,133939,,Trailer Park Boys: The SwearNet Show
plex,68fa84637ac952737656ae5f-6349ed0eb1adc4cfa571fd37,132889,,SPEEDVISION
plex,68fa84637ac952737656ae5f-634aa92e543c280baa13d91d,129774,,REVOLT Mixtape
plex,68fa84637ac952737656ae5f-634dddc8a319c6df243f521f,131393,,Desi Play TV
plex,68fa84637ac952737656ae5f-63504925a97bd70eaef54f01,125196,,ACL Cornhole TV
plex,68fa84637ac952737656ae5f-63506e7747b2355a27e76e7f,128391,,PBS Nature
plex,68fa84637ac952737656ae5f-635195e9ccee3e1547a8831a,130175,,Farscape
plex,68fa84637ac952737656ae5f-6351991cccee3e1547a8831e,151829,-8,Scream Factory TV
plex,68fa84637ac952737656ae5f-6351b29cb940534786b2ec17,121307,,FOX Weather
plex,68fa84637ac952737656ae5f-635847d0d3a668f1cafc1f9d,121714,,Don't Tell The Bride
plex,68fa84637ac952737656ae5f-63584a0cf8e2be1350f802a4,131075,,Real Wild
plex,68fa84637ac952737656ae5f-635c5c6ac3585aefbd236576,135379,,History & Warfare Now
plex,68fa84637ac952737656ae5f-635ff8bb66f96b46951ab7f3,135717,,Vice News
plex,68fa84637ac952737656ae5f-63616d4c9fdbf7808e22baee,135380,,Space Science Now
plex,68fa84637ac952737656ae5f-63628eb88e4b18ca22f897dc,112487,,PursuitUP
plex,68fa84637ac952737656ae5f-6365779dde08f8eec6c3f21f,132607,,CraftsyTV
plex,68fa84637ac952737656ae5f-636d46934ea1109a7d205a55,137352,,Free Movies Plus
plex,68fa84637ac952737656ae5f-636d5aa3dc2c550b145ed422,123455,-5,Degrassi
plex,68fa84637ac952737656ae5f-636d9d2d4ea1109a7d205a70,121656,,Real Crime
plex,68fa84637ac952737656ae5f-6373bfe48e2036e4410ddb82,126737,,MotorTrend FAST TV
plex,68fa84637ac952737656ae5f-6377e8c513bb6b1757e14693,119212,,FOX SOUL
plex,68fa84637ac952737656ae5f-6377ea0e13bb6b1757e14695,119219,,LiveNOW from FOX
plex,68fa84637ac952737656ae5f-63894c1965b848bf2c8a7800,156197,,5-Minute Crafts
plex,68fa84637ac952737656ae5f-639a0b83812b6c1429f7acd1,135385,-5,BritBox Mysteries
plex,68fa84637ac952737656ae5f-63b5df3f27159bc9de3062aa,132782,,MSG SportsZone
plex,68fa84637ac952737656ae5f-63c1ddfaf0f132afc3afbaae,123424,-5,Perform by Lifetime
plex,68fa84637ac952737656ae5f-63c1e176f0f132afc3afbab0,118456,,Tiny House Nation
plex,68fa84637ac952737656ae5f-63c1e47ef0f132afc3afbab2,121308,,Holiday Movie Favorites by Lifetime
plex,68fa84637ac952737656ae5f-63c1e64df0f132afc3afbab4,123423,,Torque Presented By History
plex,68fa84637ac952737656ae5f-63c1ec0e0aa23f984207af82,123425,-5,Ax Men by History
plex,68fa84637ac952737656ae5f-63c9724c5feb7b9655cb1950,123432,1,Deal Zone Presented By History
plex,68fa84637ac952737656ae5f-63c97410187b3c9f3581fdf4,123430,,Crimes Cults Killers
plex,68fa84637ac952737656ae5f-63c97610187b3c9f3581fdf6,123426,-5,Ice Road Truckers
plex,68fa84637ac952737656ae5f-63c9773e187b3c9f3581fdf8,123431,-5,UnXplained Zone
plex,68fa84637ac952737656ae5f-63c97b45187b3c9f3581fdfb,123427,1,Crime ThrillHer
plex,68fa84637ac952737656ae5f-63d6f799a9e88ee909e7ee21,112881,,Alien Nation by DUST
plex,68fa84637ac952737656ae5f-63d6f9b67c3070b6e06e0aad,131923,,Gardening with Monty Don
plex,68fa84637ac952737656ae5f-63d6fc71a9e88ee909e7ee23,122437,-5,Midsomer Murders
plex,68fa84637ac952737656ae5f-63dea56a2a2abb171ff6dadf,132816,,ANIME x HIDIVE
plex,68fa84637ac952737656ae5f-63e2ca44203bafbef831a152,149408,,TMZ
plex,68fa84637ac952737656ae5f-63e6381d8895074ec6c78b16,144550,,AKC.tv
plex,68fa84637ac952737656ae5f-63e63d26abacad42ed3d1acd,121659,,The Price is Right
plex,68fa84637ac952737656ae5f-63e63f20abacad42ed3d1acf,120491,,Baywatch
plex,68fa84637ac952737656ae5f-63ec0b739866d8d2120ac759,132608,,PickleTV
plex,68fa84637ac952737656ae5f-63ec126f9866d8d2120ac75b,129047,-6,Matched Married Meet
plex,68fa84637ac952737656ae5f-63ec13cb290593c3fc279f48,126369,,Dance Moms by Lifetime
plex,68fa84637ac952737656ae5f-63ec15d6290593c3fc279f4a,126439,,Military Heroes Presented By History
plex,68fa84637ac952737656ae5f-63eecb32ac23d1ee072087cb,156196,,123GO!
plex,68fa84637ac952737656ae5f-63f688faf615dc7d3f9071f7,131429,,Duck Dynasty
plex,68fa84637ac952737656ae5f-63f693a3fff2b53dc9ddc8f4,129137,,Cold Case Files by A&E
plex,68fa84637ac952737656ae5f-63f914bffe2c3d32e1a7929f,131359,,GLORY Kickboxing
plex,68fa84637ac952737656ae5f-63fe77c753dd274874c49c42,126323,,Sleuth
plex,68fa84637ac952737656ae5f-63fe7d7eb6312779f56504d3,133153,,Love Pets
plex,68fa84637ac952737656ae5f-63fe878ab6312779f56504e1,133972,,Drag Race Universe
plex,68fa84637ac952737656ae5f-640205c40e1daf16b299567e,135168,,Celebrity Name Game
plex,68fa84637ac952737656ae5f-640205c68ecb41f2d89d5814,135306,,The Ed Sullivan Show
plex,68fa84637ac952737656ae5f-64106a1075be345a863fe0d7,135674,,Fifth Gear (UK)
plex,68fa84637ac952737656ae5f-641496bf238e21f260e7844a,135167,,OuterSphere by Lionsgate
plex,68fa84637ac952737656ae5f-64149a3c238e21f260e7844c,126373,,4UV
plex,68fa84637ac952737656ae5f-6414a73254c537d12d8073d7,151422,,BBC Earth
plex,68fa84637ac952737656ae5f-641db53c2f7a0fca29488c99,116607,,Screambox TV
plex,68fa84637ac952737656ae5f-64224b7a7e28069f56b5d894,134160,,Crime & Justice
plex,68fa84637ac952737656ae5f-6427568defc65caa7e9514d4,134161,,Property & Reno
plex,68fa84637ac952737656ae5f-64275805efc65caa7e9514d6,134159,,Real Disaster Channel
plex,68fa84637ac952737656ae5f-6434540bf43c8cfbfdc6e600,138244,,ElectricNOW en Español
plex,68fa84637ac952737656ae5f-6438ee5a83766488c3bc9d4d,135516,,Confess by Nosey
plex,68fa84637ac952737656ae5f-643f0ecd76de2b4015ae6c01,127399,,PFL MMA
plex,68fa84637ac952737656ae5f-6448ba1baf92c31f4a190c27,147152,-5,JAIL
plex,68fa84637ac952737656ae5f-6449369eb3ff17382cae57fc,137071,,FilmRise Películas Gratis
plex,68fa84637ac952737656ae5f-6449369eb3ff17382cae57fd,137085,,FilmRise Western
plex,68fa84637ac952737656ae5f-6449369eb3ff17382cae57ff,137079,,FilmRise Kids
plex,68fa84637ac952737656ae5f-6449369eb3ff17382cae5801,137069,,Dick Van Dyke
plex,68fa84637ac952737656ae5f-6449369eb3ff17382cae5802,137082,,FilmRise Concursos de Cocina
plex,68fa84637ac952737656ae5f-6449369eb3ff17382cae5803,137077,,FilmRise Series Gratis
plex,68fa84637ac952737656ae5f-6449369eb3ff17382cae5806,137080,,Heartland
plex,68fa84637ac952737656ae5f-6449369eb3ff17382cae5807,137078,,Dr. G: Medical Examiner
plex,68fa84637ac952737656ae5f-6449369eb3ff17382cae5808,137070,,FilmRise British TV
plex,68fa84637ac952737656ae5f-6449369eb3ff17382cae580c,137068,,Hell's Kitchen & Kitchen Nightmares
plex,68fa84637ac952737656ae5f-6449369eb3ff17382cae580d,137073,,FilmRise Sci-Fi
plex,68fa84637ac952737656ae5f-6449369eb3ff17382cae5811,137067,,Autopista al Cielo
plex,68fa84637ac952737656ae5f-6449369eb3ff17382cae5816,137083,,Unsolved Mysteries
plex,68fa84637ac952737656ae5f-6449369eb3ff17382cae5819,137075,,FilmRise Anime
plex,68fa84637ac952737656ae5f-6449369f243fbe342a9c0b4d,137072,,Forensic Files
plex,68fa84637ac952737656ae5f-6449369f243fbe342a9c0b4e,137081,,FilmRise Crímenes Verdaderos
plex,68fa84637ac952737656ae5f-644a675d5b1d51b6a8d18607,135518,,Transformers
plex,68fa84637ac952737656ae5f-644a69895b1d51b6a8d18609,135575,,Power Rangers
plex,68fa84637ac952737656ae5f-644b13a3a1c0a5b2024c8403,150219,,Strongman Champions
plex,68fa84637ac952737656ae5f-644c446d7472b186783f359e,148558,,Todo Cine
plex,68fa84637ac952737656ae5f-644c4bc17472b186783f35a0,135378,,HerSphere by Lionsgate
plex,68fa84637ac952737656ae5f-645a5a1e4dc67ffc42d36558,126864,,LX Home Streaming
plex,68fa84637ac952737656ae5f-645e328e3ea1d2d705ef8ab2,138393,,E! Keeping Up
plex,68fa84637ac952737656ae5f-645e328fb164db00b4547f05,138400,,Bravo Vault
plex,68fa84637ac952737656ae5f-645e328fd47e81979471c88d,138398,,Top Chef Vault
plex,68fa84637ac952737656ae5f-645f840b361156ab4214e28d,138455,,Real Housewives Vault
plex,68fa84637ac952737656ae5f-6467891c73e5e029428f0e16,138396,,American Crimes
plex,68fa84637ac952737656ae5f-6467891c73e5e029428f0e18,138585,,Oxygen True Crime Archives
plex,68fa84637ac952737656ae5f-64694d52f73356567a64ce8c,100594,,Corazón
plex,68fa84637ac952737656ae5f-6469502df73356567a64ce8e,92197,,Clic
plex,68fa84637ac952737656ae5f-646c0dfbfb58444e4e1e262d,125214,,Pac-12 Insider
plex,68fa84637ac952737656ae5f-646d06c9b09f13b2d8af68d8,100599,,Azteca Internacional
plex,68fa84637ac952737656ae5f-646e489b58898bf3be94b325,137074,,FilmRise True Crime
plex,68fa84637ac952737656ae5f-646fab0e43d6d6838db81a6a,101443,,BBC News (North America)
plex,68fa84637ac952737656ae5f-64704596e536e0faaf10be9b,124931,,Great British Menu
plex,68fa84637ac952737656ae5f-6478acb5c83f56da796f166d,138528,,Telemundo Romance
plex,68fa84637ac952737656ae5f-6478acb5c83f56da796f166f,138526,,Telemundo al Dia
plex,68fa84637ac952737656ae5f-6478acb5c83f56da796f1670,138527,,Telemundo Acción
plex,68fa84637ac952737656ae5f-648095ad190e97d15c3470e9,137506,,Court TV Legendary Trials
plex,68fa84637ac952737656ae5f-648095b14e104622d093d902,137609,,Laff More
plex,68fa84637ac952737656ae5f-64831c8be3541c909e96d240,123667,,Curiosity NOW
plex,68fa84637ac952737656ae5f-64a04b8a261d597ce8b4c9ec,158635,,DREAD TV
plex,68fa84637ac952737656ae5f-64a8903d273b89c4e7396553,119661,,beIN Sports Xtra en Español
plex,68fa84637ac952737656ae5f-64ac687b4192b4e1bab96279,124268,,PokerGO
plex,68fa84637ac952737656ae5f-64aed1e9c6085b5faf20ee1f,135510,,OUTtv Proud
plex,68fa84637ac952737656ae5f-64b710b44612b1f48e9ad31a,138686,,Family Feud Classic
plex,68fa84637ac952737656ae5f-64b7139c8ec13d5dcb7e6bb2,125151,,Places & Spaces
plex,68fa84637ac952737656ae5f-64b7170c4612b1f48e9ad31e,124329,,The Jamie Oliver Channel
plex,68fa84637ac952737656ae5f-64b719768ec13d5dcb7e6bb4,121598,,Supermarket Sweep
plex,68fa84637ac952737656ae5f-64c91830ea7db2f52688c52c,124721,,CBC News
plex,68fa84637ac952737656ae5f-64d2bdf1b18b113e0c610113,165441,,GameTVGO
plex,68fa84637ac952737656ae5f-64d2c6acb18b113e0c61012a,155534,,Beyond Paranormal
plex,68fa84637ac952737656ae5f-64e405b42b16ff56feb98444,137994,-5,Ghost Hunters Channel
plex,68fa84637ac952737656ae5f-64e4084bb5fc5e016613edd4,134855,,SPIN
plex,68fa84637ac952737656ae5f-64e4351f200cd2f67473e0d2,124581,-5,Love Stories TV
plex,68fa84637ac952737656ae5f-64e6df6e4a5e9b4cedc6d529,129781,,Canela Telenovelas
plex,68fa84637ac952737656ae5f-64e9f17c7511e20e999d6c34,145517,,FanDuel TV Extra
plex,68fa84637ac952737656ae5f-64f0d3ddc2bc9b9001d46ea4,121781,,REELZ Famous & Infamous
plex,68fa84637ac952737656ae5f-64f0d9a7c2bc9b9001d46ea6,144963,,Saborear TV
plex,68fa84637ac952737656ae5f-64f0db77c2bc9b9001d46eaa,144965,,Oro TV
plex,68fa84637ac952737656ae5f-64f101b1c4b308f2fe3e7c0c,136406,-3,Beyond Belief
plex,68fa84637ac952737656ae5f-64f115ad2173e54397ce0d40,154615,,Cheaters
plex,68fa84637ac952737656ae5f-64f1177d79fd56092f9061bf,154616,,Highway to Heaven
plex,68fa84637ac952737656ae5f-64f123008d44f2871135a905,134959,,The Rifleman
plex,68fa84637ac952737656ae5f-64fb8ec0214cf8b3b54b5ec8,132491,,Cine EstrellaTV
plex,68fa84637ac952737656ae5f-64fb9149bb3e0baa5dcc0944,132456,,Estrella Games
plex,68fa84637ac952737656ae5f-64fba5f3214cf8b3b54b5ecc,129777,,Canela Cinema
plex,68fa84637ac952737656ae5f-64fba7b6bb3e0baa5dcc0949,129783,,Canela Deportes
plex,68fa84637ac952737656ae5f-6502891e8ebe90c9ed73f7a0,154619,,Women Behind Bars
plex,68fa84637ac952737656ae5f-650299cdec4e38daa56e9c7c,142107,,PBS Food
plex,68fa84637ac952737656ae5f-650b38f490baad1963ad96f9,145846,,Scares by Shudder
plex,68fa84637ac952737656ae5f-650b5bb3f4b2d9579946a500,142109,,Mythical 24/7
plex,68fa84637ac952737656ae5f-650b645a526c4c68cd9d02b8,149696,,iNDIEFLIX
plex,68fa84637ac952737656ae5f-6515fa752ff655e77635c626,149920,-5,Love Quest
plex,68fa84637ac952737656ae5f-6515ff231fc969615e69d170,131259,,The Biggest Loser
plex,68fa84637ac952737656ae5f-6516023b1fc969615e69d172,157901,,Deal Or No Deal
plex,68fa84637ac952737656ae5f-65257cdf65486aca7aa77716,148511,,"Todo Novelas, más Pasiones"
plex,68fa84637ac952737656ae5f-65282a6091e77473f1a44ff2,145680,,TV One Crime & Justice
plex,68fa84637ac952737656ae5f-652875586425fdb1f32d2169,146962,,Court Sports Network
plex,68fa84637ac952737656ae5f-6529ad9dc8221fe0db66c0b3,120989,,Fork & Flight
plex,68fa84637ac952737656ae5f-652a8b001b5c74bc83cf727c,147688,,Dog Whisperer
plex,68fa84637ac952737656ae5f-6533de63bd43e1c8b1865152,146144,,Ebony TV by Lionsgate
plex,68fa84637ac952737656ae5f-653d9d28d3e2e30d889226be,135576,,Dungeons & Dragons Adventures
plex,68fa84637ac952737656ae5f-654a6d313713a28d9f0b917f,145442,,Lawless
plex,68fa84637ac952737656ae5f-654d5db7ff9919cc3e31e961,123897,,GoUSA TV
plex,68fa84637ac952737656ae5f-654eb862dde2222e8ba551f1,149883,,Stingray Holidayscapes
plex,68fa84637ac952737656ae5f-65621947b7d737841f30a4f7,161669,,TVB Pearl Drama
plex,68fa84637ac952737656ae5f-656229e4b7d737841f30a4fb,141827,,BBC Game Shows
plex,68fa84637ac952737656ae5f-65622ac05dbccec83a87b641,141826,,BBC Sci-Fi
plex,68fa84637ac952737656ae5f-65622eddb7d737841f30a4fd,141829,,BBC Travel
plex,68fa84637ac952737656ae5f-65622fb65dbccec83a87b643,141828,,BBC Comedy
plex,68fa84637ac952737656ae5f-656235425dbccec83a87b645,141825,,Silent Witness|New Tricks
plex,68fa84637ac952737656ae5f-65623e0eb7d737841f30a4ff,151233,,Cheaters en Español
plex,68fa84637ac952737656ae5f-656fb665cb7e8e6a9bc3f36c,152974,,NitroCircusTV
plex,68fa84637ac952737656ae5f-656fb850cb7e8e6a9bc3f36e,152977,,Popular Science
plex,68fa84637ac952737656ae5f-656fb965cb7e8e6a9bc3f370,152978,,Team Liquid
plex,68fa84637ac952737656ae5f-656fbbd6dbcce28c3a41741b,152976,,Surfer
plex,68fa84637ac952737656ae5f-657107dc56226238740fcc2d,108919,,CBS Sports HQ
plex,68fa84637ac952737656ae5f-6571186d9a46917c0a8f2ddd,133691,,CBS Sports Golazo Network
plex,68fa84637ac952737656ae5f-6571f43a1d2aae780d597196,104846,,CBS News
plex,68fa84637ac952737656ae5f-6571f5b31d2aae780d597198,123120,,CBS News Colorado
plex,68fa84637ac952737656ae5f-6578a9dcfb1a19389c93fc7b,33903,,KMGH
plex,68fa84637ac952737656ae5f-6578bb741a12778a8550d158,110291,,Entertainment Tonight
plex,68fa84637ac952737656ae5f-6578e7b5eef129f30fb38df7,151312,,Operation Repo
plex,68fa84637ac952737656ae5f-65829ef26b91be4547aa153a,151232,,World's Most Evil Killers
plex,68fa84637ac952737656ae5f-6582a024a90606db3c841b1b,151234,,The FBI Files
plex,68fa84637ac952737656ae5f-6582a1316b91be4547aa153c,151230,,Hot Ones
plex,68fa84637ac952737656ae5f-6583507e0938f2993a23375c,146769,,PickleballTV
plex,68fa84637ac952737656ae5f-65944d40cbc51b25e5070a18,137752,,T2
plex,68fa84637ac952737656ae5f-659f04ef27ae392d2e204695,141469,,FOX Sports
plex,68fa84637ac952737656ae5f-65a1d3996475bf522f9256e3,125419,,VR+
plex,68fa84637ac952737656ae5f-65bd5a538314c24e11553543,151830,,Non-Stop '90s
plex,68fa84637ac952737656ae5f-65e87f35335524a69e8e0ce0,147639,,Paranormal Files
plex,68fa84637ac952737656ae5f-65e87f35335524a69e8e0ce1,147642,,Combat War Channel
plex,68fa84637ac952737656ae5f-65f0da6f046e6131ecc31841,140181,,Zona Investigación
plex,68fa84637ac952737656ae5f-65f0de01046e6131ecc31845,140180,,ÚN TV
plex,68fa84637ac952737656ae5f-65f0e049046e6131ecc31847,140182,,Cine y Series
plex,68fa84637ac952737656ae5f-6605be856b034eec533c49ee,148202,,Car Chase
plex,68fa84637ac952737656ae5f-660df9e0e7dcb14697880bfb,153591,,Wild West TV
plex,68fa84637ac952737656ae5f-6615360a8423b8d7e61a099b,154613,,Go Wild
plex,68fa84637ac952737656ae5f-6615360a8423b8d7e61a099c,154612,,Crime Scene TV
plex,68fa84637ac952737656ae5f-6615522e50e81fa51eb0df60,154621,,Sonic The Hedgehog
plex,68fa84637ac952737656ae5f-6615522e50e81fa51eb0df61,154623,,Teletubbies
plex,68fa84637ac952737656ae5f-6615522e50e81fa51eb0df62,154622,,Strawberry Shortcake
plex,68fa84637ac952737656ae5f-6615885e1eabecf2c9d56495,153411,,Monster Jam
plex,68fa84637ac952737656ae5f-6617f52f0049fcb8e2b0d5b8,155772,,Yu-Gi-Oh!
plex,68fa84637ac952737656ae5f-661fca34414d94009d1206ec,157054,,Miramax Movie Channel
plex,68fa84637ac952737656ae5f-661fcbcf414d94009d1206ee,157057,,National Lampoon
plex,68fa84637ac952737656ae5f-66213052abd90e037ccd1fe4,157277,,Outlaw
plex,68fa84637ac952737656ae5f-6627ab12580825e8a7bc4f04,156201,,The Asylum
plex,68fa84637ac952737656ae5f-66428faa5116d565e63ae32a,150981,,Dog the Bounty Hunter
plex,68fa84637ac952737656ae5f-664292a80e0ec7b4ce5eb28c,152030,,Startalk TV
plex,68fa84637ac952737656ae5f-664294d20e0ec7b4ce5eb28e,160863,,Mysteria
plex,68fa84637ac952737656ae5f-664296050e0ec7b4ce5eb290,160930,,Hello Inspo
plex,68fa84637ac952737656ae5f-6642a07d0e0ec7b4ce5eb294,146460,,ZenLIFE by Stingray
plex,68fa84637ac952737656ae5f-666357257ce166787145c6ab,113388,,Unity in Black by kweliTV
plex,68fa84637ac952737656ae5f-66635b07ca7b22f4c3a2d73d,159707,,BET x Tyler Perry Drama
plex,68fa84637ac952737656ae5f-66635c20ca7b22f4c3a2d73f,159706,,BET x Tyler Perry Comedy
plex,68fa84637ac952737656ae5f-66635e41ca7b22f4c3a2d741,159705,,CW Gold
plex,68fa84637ac952737656ae5f-66635fc0ca7b22f4c3a2d743,159704,,CW Forever
plex,68fa84637ac952737656ae5f-6668b2b5e4f56766e556a413,129477,,INWONDER
plex,68fa84637ac952737656ae5f-6668b69889c051b3733f9b60,158128,,Nash Bridges
plex,68fa84637ac952737656ae5f-6668b7a5e4f56766e556a415,158129,,The Conners
plex,68fa84637ac952737656ae5f-666e15a3ce73ed6023b55a0f,151309,,Buen Viaje
plex,68fa84637ac952737656ae5f-666e1c83d91d13cb4c8cbb71,151308,,Mi Casa
plex,68fa84637ac952737656ae5f-666e2178d91d13cb4c8cbb75,151311,,Naturaleza
plex,68fa84637ac952737656ae5f-666e236ace73ed6023b55a17,151306,,Todo Crimen
plex,68fa84637ac952737656ae5f-6674b595f04cf4bb9233c914,163839,,A Touch of Frost
plex,68fa84637ac952737656ae5f-6674b68af04cf4bb9233c916,157393,,Death Valley Days
plex,68fa84637ac952737656ae5f-66a1aa319101f360242499a8,138031,,How To
plex,68fa84637ac952737656ae5f-66a1ac4877649467da169f0a,138033,,Unique Lives
plex,68fa84637ac952737656ae5f-66a1acc577649467da169f0c,138027,,Sweet Escapes
plex,68fa84637ac952737656ae5f-66a1ae9e77649467da169f0e,149117,,Say Yes to the Dress
plex,68fa84637ac952737656ae5f-66a1af9677649467da169f12,138032,,Mysterious Worlds
plex,68fa84637ac952737656ae5f-66a2818ce1a2934adfe851e5,138036,,Paws & Claws
plex,68fa84637ac952737656ae5f-66a294d3e1a2934adfe851f5,138030,,Ghosts Are Real
plex,68fa84637ac952737656ae5f-66a2bfe594b6a49cb5054d75,138028,,Crime Scenes
plex,68fa84637ac952737656ae5f-66a2c1370b91165254efdb3c,138029,,At the Movies
plex,68fa84637ac952737656ae5f-66a2d71b0b91165254efdb40,113452,,BUZZR
plex,68fa84637ac952737656ae5f-66a2d97c94b6a49cb5054d77,157959,,Rig TV
plex,68fa84637ac952737656ae5f-66ad6b4fcb5d3b7fb5011c2f,135701,,The World Poker Tour
plex,68fa84637ac952737656ae5f-66b4fcc2530e39ea2ee79545,114958,,CNN Headlines
plex,68fa84637ac952737656ae5f-66ce3e009ac0b1441b19ca29,163834,,Z Nation
plex,68fa84637ac952737656ae5f-66e0d0c4f70549a9bc1eceb0,148054,,WAPA+
plex,68fa84637ac952737656ae5f-66e4cbef38de9754b6b13e90,161356,,Dr. Phil
plex,68fa84637ac952737656ae5f-670694b4836808fbb1561c91,164081,,Million Dollar Listing Vault
plex,68fa84637ac952737656ae5f-6745dca72832b870acf5321f,155811,,9 Story Presents: Garfield and Friends
plex,68fa84637ac952737656ae5f-6745dca72832b870acf53220,169857,,365BLK
plex,68fa84637ac952737656ae5f-6759a32270e41582b1b7a236,166712,,NESN NATION
plex,68fa84637ac952737656ae5f-67642f277c5e3b38af72dcdb,167590,,Cirque du Soleil
plex,68fa84637ac952737656ae5f-6765b16d1f7ab3b17306b128,172491,,The Ring
plex,68fa84637ac952737656ae5f-678819cadb8f0c5dc195cf50,171699,,Pam Grier's Soul Flix
plex,68fa84637ac952737656ae5f-678fe7959407a53556d3e8eb,70130,,FRANCE 24
plex,68fa84637ac952737656ae5f-678fe95d389daa346544d501,153526,,Triton Poker
plex,68fa84637ac952737656ae5f-67a37720786c8a28ae4965bb,172207,,Storage Wars by A&E
roku,0057bb20ce6c5717a5a025f2a73b682a,62077,,HSN
roku,0141916713c53d074650f14e2c9ff61e,135385,,BritBox Mysteries
roku,015c83c4485a597d9e2132252e2a75ae,60222,,QVC
roku,02cdd68d6244543b83ff35d990891463,129777,,Canela.TV Hollywood y Más
roku,075852fcb99dfe2d55978f807de974ed,147688,,Dog Whisperer with Cesar Millan
roku,0838d5ccb1d5564d98fb804ab314c85e,121307,,FOX Weather
roku,091bf303c7fd2bc2ec6683b1dbbadae1,172207,,Storage Wars by A&E
roku,0a85a15f5ee75646bf386d3de3083a94,126569,,Canela.TV Pasión Latina
roku,0af429c36c6b517e8df2025e809b3964,117478,,Estrella News
roku,0b4814b9a5e53029e2b9aba64ddc1df0,120469,,Billiard TV
roku,0b88dcd80f6a5e838c83a67e7cfa4b3a,119209,,MagellanTV Wildest
roku,0b92deed3dd556cf91c911a36e948fde,132816,,ANIME x HIDIVE
roku,0de9839c79b758589c580dcdd4b40a8a,138528,,Caso Cerrado
roku,0fc01f1136055d89bae495ba92eff445,141469,,FOX Sports
roku,10b859e5e8a1e710680c11dfdfb85c11,116115,,FUEL TV
roku,11f70f2cc59750f4ad9a019d72ad17b1,124636,,Women's Sports Network
roku,15cc44e50d8453e18f21ea37713319c5,112797,,Electric Now
roku,1d3f60995d80521882a379fc06e47679,114491,,The Bob Ross Channel
roku,1d720f86119e6cb8d2a8eae051242554,166712,,NESN NATION
roku,1db9c603bb4e5d87b015f9963da1093e,120902,,Vevo Country
roku,1f411521816758908539e2ba86fe9eb6,157959,,Rig TV
roku,1f62c81a73575fdca9fdc8a36c55d8b9,113781,,MST3K
roku,23427355f7f35851b75a210d7cca22a4,135168,,Celebrity Name Game
roku,2547ef42e2f45bbaa84752657cffe3c9,132888,,Tribeca Channel
roku,28844a800a4e54909eec9695aa3762b2,121162,,Newsmax2
roku,2a243861dea754eabb13a92e1106a4af,117060,,BACKSTAGE
roku,2b50362a8bbc5a12a203aa48e6ea9fe1,132922,,The Jack Hanna Channel
roku,2deae9b4e83550f88f6776c45df08315,120790,,Hi-YAH!
roku,30459d2ebf175a8b8eac472b8750e07c,121708,,RACER Select
roku,306550b8677f5fd3937c26808531d5f3,153591,,Wild West TV
roku,307b3b9ea321539b9688148fc97a8bfd,140528,,Crunchyroll
roku,31d5929928835b90af7bee669e6dd217,124328,,El Rey Rebel
roku,32fa723f285fc238ae786634f051f972,128391,,PBS Nature
roku,330e3534b1614aad9cc2740c522a5b59,112487,,PursuitUP
roku,349e0f0840cf21b888bff327b41a2413,145846,,Scares by Shudder
roku,34beeb8efcb656f08d91298bb94e1815,148054,,WAPA+
roku,363301aa078e555ebd034290488bc9cf,154615,,Cheaters
roku,390053bfbc6858999cb0d6354b57d938,135516,,Confess by Nosey
roku,3bc1756db0ef525b9cab86edcd426c55,129781,,Canela.TV Narco-Drama
roku,3d0de33bcd7a9560562294ebf7603934,167590,,Cirque du Soleil
roku,4010582bb66b58a69151a4f552de0823,137077,,FilmRise Series Gratis
roku,417de64d5d2255119088209d40ebfee6,132456,,Estrella Games
roku,44bdeb3ebdff5ed3b5468ddddfcfbf1b,144965,,Oro TV
roku,498b53f6f63455bbba27754ceb5fcefc,154621,,Sonic The Hedgehog
roku,4ad47ace83b25065955adca3f8e9bdcf,124310,,The Price Is Right: The Barker Era
roku,4c0772ef75e1565183843b37e91591f8,121124,,Vevo '90s
roku,4ecf313b40975382b983c183bf7d86f0,137083,,Unsolved Mysteries
roku,4f4e0f3d9e1f5c8c9e627514fc5a071d,131220,,Total Crime
roku,5199d161259a5f3c93c3c5d3532d3732,113603,,Revry
roku,51cc9cb7f052534cb6e6f55ac4980b06,142109,,Mythical 24/7
roku,52451c26422c45e087820bb0a13a69ab,131737,,Overtime
roku,5321194d102d57e094d47d50949088b8,122855,,USA TODAY
roku,562baf35c5da56cc91cdea41537b43f9,113452,,BUZZR
roku,58673c6e05455569978456bdc210f9d7,127174,,At Home with Family Handyman
roku,586bd3d19f6e4b7a5cf3458722984b82,137506,,Court TV Legendary Trials
roku,5ae9fb0c6e015b0d951063f6a6b39ee5,138527,,Telemundo Acción
roku,5b4b59af18ff5686916ef5eb3574de46,137071,,FilmRise Películas Gratis
roku,5dbf591219b15aa8bb3a7b73b59307f0,132491,,Cine EstrellaTV
roku,5e709cfe55d955ec899903cde681a5a4,100599,,Azteca Internacional
roku,6183f9f73a64394cf3c55690605af2a7,101443,,BBC News
roku,62b4eba68f3051c68d2beb22dc94ebbc,121598,,Supermarket Sweep
roku,62f1cd0d4c395a2a8ab72cff688666a0,112732,,SportsGrid
roku,645518dc5f92519688baed84d025b14e,147152,,JAIL
roku,65506c44c9535b3787d255f333e7b1f7,125151,,Places & Spaces
roku,6a0629e467b5502c906136dadac290a0,128388,,FilmRise Horror
roku,6abe7dcc96d5d834853c8d1c93d97230,116946,,News 12 New York
roku,6be3083b8ec2508495684e5087f8f86a,120901,,Vevo R&B
roku,6d4ae9d9d0df5122a0811cff961b24b2,141783,,Best of Dr. Phil
roku,707e6e216be8369fb30f6960f8cf667e,135306,,The Ed Sullivan Show
roku,72a54a3c7a3d5381a1baa223a5dc8d23,119355,,RetroCrush
roku,735c2b7253c551ae9f07b07ea5278b75,129783,,Canela.TV Deportes
roku,77946e082d8958f599087890aebf1623,155772,,Yu-Gi-Oh!
roku,79b8b2c24f6a5680b7670bf2d832bc2b,160863,,Mysteria
roku,7b9a45d26315568a98a2b136972bde8d,122534,,WildEarth
roku,7e202ec14b17515a8e732f662aec155d,156201,,The Asylum
roku,7e9fe2b4c7ba5869af6d60adbf4b7c86,120480,,This Old House
roku,8152fae2aebf5c228eee6470242174ec,165951,,Dinos 24/7
roku,82bd10ceb52152a7adb6bdc5d776e794,129130,,NHRA TV
roku,834e2a09799752b3be7ecaab726b7242,121534,,Maverick Black Cinema
roku,845b77875b6056d192401e10949948d2,137078,,Dr. G: Medical Examiner
roku,856fca464da0544784204ba8f6161dac,128546,,PBS Antiques Roadshow
roku,885d5897052b53709a83c4947174cd09,130348,,FilmRise Black TV
roku,8ba514251e1a58b7b53368177baa1041,109553,,Law & Crime
roku,8c48bcf59acd57779977b83a41fac919,122436,,Swerve Combat
roku,8db0f9f4abf6542ba95f97a545f98513,124721,,CBC News
roku,909b135136a1567eaf3f65fb64988323,119661,,beIN Sports Xtra en Español
roku,91dff2b8a62b5fe1bdf64de721032cba,102236,,Estrella TV
roku,923cd8e7aa1e5a5898aad41fdf6a0f0f,124040,,Grit Xtra
roku,92b50144a69f5862a6d398c478fa6aa0,115370,,Johnny Carson TV
roku,9349c516ca6456b9b5ed7e20cb1c1384,113678,,SNL Vault
roku,94759dbd58a65682bcc573932f725f46,121125,,Vevo 2K
roku,955058d03806e22dbb37bf1ee8d681a1,163942,,Big 12 Studios
roku,96bf5b40666353ae919ba1caadc66a1a,101752,,theGrio
roku,9bd570b8bf145f73bba7532221e12666,135518,,Transformers
roku,9c7a717f25a15b9997c6e3fd5f43a1a6,128544,,Homeful
roku,9cb058af15a0fdacf5aa87b78b2e3d33,82696,,QVC2
roku,9dd23031622757d1944e4782b2a192ef,138773,,Ninja Kidz TV
roku,a361d429db9e46665be277da42af89a4,153411,,Monster Jam
roku,a7a15769f0275c0ea9b2064b95637cfd,134159,,Real Disaster Channel
roku,a90a91570ce0536cbb22b591ad7e0da2,114140,,NBC Sports NOW
roku,a96f9c338b3e5ab29ec3b436c01c84da,121097,,America's Test Kitchen
roku,aa16704e1ee052dea67cee1f79618754,112881,,Alien Nation by DUST
roku,ab47c5037be851e6a929a4d09daafeac,120491,,Baywatch
roku,ada4254a1dd65c138f62e7c45affb45c,131923,,Gardening with Monty Don
roku,aea5e7ccd9a35a4abd9193147fb4d593,116019,,Slightly Off IFC
roku,aeef4f63419a5d5fabcf0055585f9ccc,133321,,FailArmy
roku,b015fcbafb496320954672321e746f8a,148558,,Todo Cine
roku,b41118f76d1a5abcb701b9cc0a035c5b,114871,,So... Real
roku,b4273871759a5631bd536d2214f175e5,106100,,Fubo Sports Network
roku,b6a492b04d7d534fa0e9e69380382d02,144738,,DAZN Ringside
roku,bc68164868385873a0f2b1c649fa2495,115447,,Comedy Dynamics
roku,bc932f13c31e542db6e3e6247e7131bc,120375,,beIN SPORTS XTRA
roku,bcd2f34b280f5bae874ed3b487a96e96,146284,,MrBeast
roku,bdf6b34e48585f588789f7e7857a84a6,119212,,FOX SOUL
roku,c423f0f050355a6fb8bcf7644af61852,137073,,FilmRise Sci-Fi
roku,c5a72a598a355db4b1781ca075280773,137085,,FilmRise Western
roku,ca25dfba8ba45a1bb277c8b0ca8f56c4,123515,,POWERNATION
roku,cc72c25b76295e07862192d21bbff05b,121656,,Real Crime
roku,d12329eda6e3dcc1f42ce2a350a4623d,115729,,Stingray Naturescape
roku,d1bfe824cfee5369a493d7a8bbd96ec1,118462,,Ryan and Friends
roku,d1e4e369eda359c897e1fdfd8286b19b,122437,,Midsomer Murders
roku,d216c2141a835cfcbe34a7d1b7d2e078,119233,,Nosey
roku,d3f36d4a35fa5f40a24b96a51556b9b5,120010,,Scripps News
roku,d79c47ebb9745dc4873f24d4c9fc68ce,116607,,Screambox TV
roku,d8513011aa1c50aa9b08894f5576ad99,142107,,PBS Food
roku,d89b6124edce5dc0a4dfe42a8026353a,123455,,Degrassi
roku,d8b7e94b7edc53918e6afa251822df14,118464,,pocket.watch Game-On
roku,d93912b4b21158fd95af2ceb8979c586,110480,,Dove
roku,dacd8aab4ff68232ed9d452aa706e2e6,190790,,World of Love Island
roku,db95a237643ea0eea113c6c024515df2,148511,,Todo Novelas más Pasiones
roku,dcecb48012b5c99824cb0b1667f4499c,154616,,Highway to Heaven
roku,dead0e7a46da533c94c61c8710ef3418,137070,,FilmRise British TV
roku,e07a11be574e544a801fac1fc3e716f1,141825,,Silent Witness and New Tricks
roku,e08aa3af93f95c9db062ce237e90f6d1,114142,,GOLFPASS
roku,e29e205ea1fb529f996ad862a2d6724e,117261,,OAN Plus
roku,e3cd976116d5578ab9be32baa738ade2,122609,,The Carol Burnett Show
roku,e46ac8cd0299b4c5f1403d999a432561,127399,,PFL MMA
roku,e50a8f06d3245c95a4e250dc5c33c2be,115694,,Vevo Pop
roku,e5dcad2b1c055d4d86a9f7bba9438da7,121122,,Vevo '70s
roku,e6416436e5d6510e9e22c23862deea23,107076,,Tastemade
roku,e7b30e2a58409242100d0edd2bfebbfd,171699,,Pam Grier's Soul Flix
roku,ebb810a8868251f18ac64056834c749a,137074,,FilmRise True Crime
roku,f66aa243a9465896ac3e7eaef7cba3fd,135575,,Power Rangers
roku,f95c40a17cfe5b9fb1970192e378fb0c,120551,,AccuWeather NOW
roku,f99fa811e587e924c1aeebfe3d7f575f,163834,,Z Nation
roku,f9c0d48b540a55dcb98b04d2cc8abf25,119219,,LiveNOW from FOX
roku,fb29ccf15bc8583ca1db8c42902eeae8,151230,,Hot Ones
roku,fd8d765f98605129914b581147e7e8b2,121123,,Vevo '80s
roku,fe08b9ce5c80c8a52c5253d026d9395c,181305,,Ancient Aliens
roku,ffe5d9e0480d1c5e1dcead3abd966ac7,124382,,Let's Make A Deal
tubi,400000004,129774,,Revolt Mixtape
tubi,400000012,124806,,ACCDN
tubi,400000033,169820,,Kartoon Channel!
tubi,400000048,146284,,MrBeast
tubi,400000056,146144,,Ebony TV by Lionsgate
tubi,400000067,170382,,Living with Evil
tubi,400000070,169320,,Generation Drama
tubi,400000072,169610,,On the Telly
tubi,400000073,169605,,In the Garage
tubi,400000088,150981,,Dog the Bounty Hunter
tubi,400000105,158128,,Nash Bridges
tubi,400000108,126737,,MotorTrend FAST TV
tubi,400000116,171941,,NBA FAST Channel
tubi,555124,71799,,Bloomberg TV+
tubi,555126,107241,,Cheddar
tubi,555130,124721,,CBC News
tubi,571664,123870,,Bloomberg Originals
tubi,578086,120010,,Scripps News
tubi,628893,121307,,FOX Weather
tubi,629323,129130,,NHRA TV
tubi,653208,134109,,Always Funny
tubi,666613,135718,,Vice
tubi,670605,149920,,Love Quest
tubi,685558,120790,,Hi-YAH!
tubi,700412,131220,,Total Crime
tubi,702891,132922,,The Jack Hanna Channel
tubi,715938,169611,,Sweet Escapes
tubi,715939,169312,,Paws and Claws
tubi,715942,169646,,Unique Lives
tubi,715945,169645,,Welcome Home
tubi,715946,169313,,Mysterious Worlds
tubi,715947,138034,,Love & Marriage
tubi,715948,169317,,Family Unscripted
tubi,715949,169318,,Crime Scenes
tubi,715950,170368,,At the Movies
tubi,715951,169310,,Ghosts are Real
tubi,715952,169315,,How To
